Using pre-set license
Built from '2021.3/staging' branch; Version is '2021.3.21f1 (1b156197d683) revision 1774945'; Using compiler version '192829333'; Build Type 'Release'
OS: 'Windows 10  (10.0.19045) 64bit CoreSingleLanguage' Language: 'en' Physical Memory: 16085 MB
BatchMode: 1, IsHumanControllingUs: 0, StartBugReporterOnCrash: 0, Is64bit: 1, IsPro: 1

COMMAND LINE ARGUMENTS:
C:\Program Files\Unity\Hub\Editor\2021.3.21f1\Editor\Unity.exe
-adb2
-batchMode
-noUpm
-name
AssetImportWorker4
-projectPath
D:/My Files/MyGame/Outscal/battle-tank-game
-logFile
Logs/AssetImportWorker4.log
-srvPort
63174
Successfully changed project path to: D:/My Files/MyGame/Outscal/battle-tank-game
D:/My Files/MyGame/Outscal/battle-tank-game
[UnityMemory] Configuration Parameters - Can be set up in boot.config
    "memorysetup-bucket-allocator-granularity=16"
    "memorysetup-bucket-allocator-bucket-count=8"
    "memorysetup-bucket-allocator-block-size=33554432"
    "memorysetup-bucket-allocator-block-count=8"
    "memorysetup-main-allocator-block-size=16777216"
    "memorysetup-thread-allocator-block-size=16777216"
    "memorysetup-gfx-main-allocator-block-size=16777216"
    "memorysetup-gfx-thread-allocator-block-size=16777216"
    "memorysetup-cache-allocator-block-size=4194304"
    "memorysetup-typetree-allocator-block-size=2097152"
    "memorysetup-profiler-bucket-allocator-granularity=16"
    "memorysetup-profiler-bucket-allocator-bucket-count=8"
    "memorysetup-profiler-bucket-allocator-block-size=33554432"
    "memorysetup-profiler-bucket-allocator-block-count=8"
    "memorysetup-profiler-allocator-block-size=16777216"
    "memorysetup-profiler-editor-allocator-block-size=1048576"
    "memorysetup-temp-allocator-size-main=16777216"
    "memorysetup-job-temp-allocator-block-size=2097152"
    "memorysetup-job-temp-allocator-block-size-background=1048576"
    "memorysetup-job-temp-allocator-reduction-small-platforms=262144"
    "memorysetup-temp-allocator-size-background-worker=32768"
    "memorysetup-temp-allocator-size-job-worker=262144"
    "memorysetup-temp-allocator-size-preload-manager=33554432"
    "memorysetup-temp-allocator-size-nav-mesh-worker=65536"
    "memorysetup-temp-allocator-size-audio-worker=65536"
    "memorysetup-temp-allocator-size-cloud-worker=32768"
    "memorysetup-temp-allocator-size-gi-baking-worker=262144"
    "memorysetup-temp-allocator-size-gfx=262144"
Player connection [13836] Host "[IP] 192.168.29.66 [Port] 0 [Flags] 2 [Guid] 3848862029 [EditorId] 3848862029 [Version] 1048832 [Id] WindowsEditor(7,MSI) [Debug] 1 [PackageName] WindowsEditor [ProjectName] Editor" joined multi-casting on [225.0.0.222:54997]...

Player connection [13836] Host "[IP] 192.168.29.66 [Port] 0 [Flags] 2 [Guid] 3848862029 [EditorId] 3848862029 [Version] 1048832 [Id] WindowsEditor(7,MSI) [Debug] 1 [PackageName] WindowsEditor [ProjectName] Editor" joined alternative multi-casting on [225.0.0.222:34997]...

Refreshing native plugins compatible for Editor in 126.23 ms, found 2 plugins.
Preloading 0 native plugins for Editor in 0.00 ms.
Initialize engine version: 2021.3.21f1 (1b156197d683)
[Subsystems] Discovering subsystems at path C:/Program Files/Unity/Hub/Editor/2021.3.21f1/Editor/Data/Resources/UnitySubsystems
[Subsystems] Discovering subsystems at path D:/My Files/MyGame/Outscal/battle-tank-game/Assets
GfxDevice: creating device client; threaded=0; jobified=0
Direct3D:
    Version:  Direct3D 11.0 [level 11.1]
    Renderer: NVIDIA GeForce RTX 3060 Laptop GPU (ID=0x2520)
    Vendor:   NVIDIA
    VRAM:     5996 MB
    Driver:   32.0.15.8180
Initialize mono
Mono path[0] = 'C:/Program Files/Unity/Hub/Editor/2021.3.21f1/Editor/Data/Managed'
Mono path[1] = 'C:/Program Files/Unity/Hub/Editor/2021.3.21f1/Editor/Data/MonoBleedingEdge/lib/mono/unityjit-win32'
Mono config path = 'C:/Program Files/Unity/Hub/Editor/2021.3.21f1/Editor/Data/MonoBleedingEdge/etc'
Using monoOptions --debugger-agent=transport=dt_socket,embedding=1,server=y,suspend=n,address=127.0.0.1:56688
Begin MonoManager ReloadAssembly
Registering precompiled unity dll's ...
Register platform support module: C:/Program Files/Unity/Hub/Editor/2021.3.21f1/Editor/Data/PlaybackEngines/WebGLSupport/UnityEditor.WebGL.Extensions.dll
Register platform support module: C:/Program Files/Unity/Hub/Editor/2021.3.21f1/Editor/Data/PlaybackEngines/WindowsStandaloneSupport/UnityEditor.WindowsStandalone.Extensions.dll
Registered in 0.013449 seconds.
Native extension for WindowsStandalone target not found
Native extension for WebGL target not found
Refreshing native plugins compatible for Editor in 62.92 ms, found 2 plugins.
Preloading 0 native plugins for Editor in 0.00 ms.
Mono: successfully reloaded assembly
- Completed reload, in  1.104 seconds
Domain Reload Profiling:
	ReloadAssembly (1105ms)
		BeginReloadAssembly (227ms)
			ExecutionOrderSort (0ms)
			DisableScriptedObjects (0ms)
			BackupInstance (0ms)
			ReleaseScriptingObjects (0ms)
			CreateAndSetChildDomain (2ms)
		EndReloadAssembly (692ms)
			LoadAssemblies (219ms)
			RebuildTransferFunctionScriptingTraits (0ms)
			SetupTypeCache (139ms)
			ReleaseScriptCaches (0ms)
			RebuildScriptCaches (45ms)
			SetupLoadedEditorAssemblies (437ms)
				LogAssemblyErrors (0ms)
				InitializePlatformSupportModulesInManaged (17ms)
				SetLoadedEditorAssemblies (0ms)
				RefreshPlugins (63ms)
				BeforeProcessingInitializeOnLoad (2ms)
				ProcessInitializeOnLoadAttributes (226ms)
				ProcessInitializeOnLoadMethodAttributes (129ms)
				AfterProcessingInitializeOnLoad (0ms)
				EditorAssembliesLoaded (0ms)
			ExecutionOrderSort2 (0ms)
			AwakeInstancesAfterBackupRestoration (0ms)
Platform modules already initialized, skipping
Registering precompiled user dll's ...
Registered in 0.006173 seconds.
Begin MonoManager ReloadAssembly
Native extension for WindowsStandalone target not found
Native extension for WebGL target not found
Refreshing native plugins compatible for Editor in 0.98 ms, found 2 plugins.
Preloading 0 native plugins for Editor in 0.00 ms.
Cancelling DisplayDialogComplex: Mobile Dependency Resolver required Mediation requires Mobile Dependency Resolver to resolve native dependencies.
 Would you like to import the package?
This should not be called in batch mode.
UnityEngine.StackTraceUtility:ExtractStackTrace ()
UnityEditor.EditorUtility:DisplayDialogComplex (string,string,string,string,string)
MobileDependencyResolver.Installer.Editor.MobileDependencyResolverInstaller:AskUserToInstallPackage () (at Library/PackageCache/com.unity.services.mediation@1.0.5/MobileDependencyResolver/Editor/MobileDependencyResolverInstaller.cs:38)
MobileDependencyResolver.Installer.Editor.MobileDependencyResolverInstaller:InstallPlayServicesResolverIfNeeded () (at Library/PackageCache/com.unity.services.mediation@1.0.5/MobileDependencyResolver/Editor/MobileDependencyResolverInstaller.cs:23)
System.Reflection.RuntimeMethodInfo:Invoke (object,System.Reflection.BindingFlags,System.Reflection.Binder,object[],System.Globalization.CultureInfo)
System.Reflection.MethodBase:Invoke (object,object[])
UnityEditor.EditorAssemblies:ProcessInitializeOnLoadMethodAttributes ()

[Library/PackageCache/com.unity.services.mediation@1.0.5/MobileDependencyResolver/Editor/MobileDependencyResolverInstaller.cs line 38]

Mono: successfully reloaded assembly
- Completed reload, in  1.576 seconds
Domain Reload Profiling:
	ReloadAssembly (1577ms)
		BeginReloadAssembly (167ms)
			ExecutionOrderSort (0ms)
			DisableScriptedObjects (10ms)
			BackupInstance (0ms)
			ReleaseScriptingObjects (0ms)
			CreateAndSetChildDomain (26ms)
		EndReloadAssembly (1249ms)
			LoadAssemblies (122ms)
			RebuildTransferFunctionScriptingTraits (0ms)
			SetupTypeCache (281ms)
			ReleaseScriptCaches (1ms)
			RebuildScriptCaches (68ms)
			SetupLoadedEditorAssemblies (729ms)
				LogAssemblyErrors (0ms)
				InitializePlatformSupportModulesInManaged (10ms)
				SetLoadedEditorAssemblies (1ms)
				RefreshPlugins (1ms)
				BeforeProcessingInitializeOnLoad (122ms)
				ProcessInitializeOnLoadAttributes (377ms)
				ProcessInitializeOnLoadMethodAttributes (207ms)
				AfterProcessingInitializeOnLoad (12ms)
				EditorAssembliesLoaded (0ms)
			ExecutionOrderSort2 (0ms)
			AwakeInstancesAfterBackupRestoration (8ms)
Platform modules already initialized, skipping
========================================================================
Worker process is ready to serve import requests
Launched and connected shader compiler UnityShaderCompiler.exe after 0.08 seconds
Refreshing native plugins compatible for Editor in 1.50 ms, found 2 plugins.
Preloading 0 native plugins for Editor in 0.00 ms.
Unloading 2451 Unused Serialized files (Serialized files now loaded: 0)
Unloading 63 unused Assets / (344.9 KB). Loaded Objects now: 2884.
Memory consumption went from 97.9 MB to 97.6 MB.
Total: 45.512300 ms (FindLiveObjects: 0.935700 ms CreateObjectMapping: 0.692200 ms MarkObjects: 43.359700 ms  DeleteObjects: 0.520500 ms)

AssetImportParameters requested are different than current active one (requested -> active):
  custom:video-decoder-ogg-theora: a1e56fd34408186e4bbccfd4996cb3dc -> 
  custom:container-muxer-webm: aa71ff27fc2769a1b78a27578f13a17b -> 
  custom:container-demuxer-webm: 4f35f7cbe854078d1ac9338744f61a02 -> 
  custom:video-encoder-webm-vp8: eb34c28f22e8b96e1ab97ce403110664 -> 
  custom:audio-encoder-webm-vorbis: bf7c407c2cedff20999df2af8eb42d56 -> 
  custom:framework-win-MediaFoundation: 216162199b28c13a410421893ffa2e32 -> 
  custom:container-demuxer-ogg: 62fdf1f143b41e24485cea50d1cbac27 -> 
  custom:video-decoder-webm-vp8: 9c59270c3fd7afecdb556c50c9e8de78 -> 
  custom:audio-decoder-ogg-vorbis: bf7c407c2cedff20999df2af8eb42d56 -> 
========================================================================
Received Import Request.
  Time since last request: 68801.408773 seconds.
  path: Assets/Models
  artifactKey: Guid(6f6ed432a84a6894383f9d063e5c1f1f) Importer(815301076,1909f56bfc062723c751e8b465ee728b)
Start importing Assets/Models using Guid(6f6ed432a84a6894383f9d063e5c1f1f) Importer(815301076,1909f56bfc062723c751e8b465ee728b)  -> (artifact id: 'b4a673054b6225e136b1685e91db28ef') in 0.018569 seconds 
========================================================================
Received Import Request.
  Time since last request: 0.050848 seconds.
  path: Assets/Models/Building01.fbx
  artifactKey: Guid(f698f69d64c51f8438d853e5c274e5fc) Importer(815301076,1909f56bfc062723c751e8b465ee728b)
Start importing Assets/Models/Building01.fbx using Guid(f698f69d64c51f8438d853e5c274e5fc) Importer(815301076,1909f56bfc062723c751e8b465ee728b)  -> (artifact id: '054e5c667bc08eaa84b9288a10f7d3ce') in 0.804399 seconds 
========================================================================
Received Import Request.
  Time since last request: 0.000054 seconds.
  path: Assets/Models/Shell.fbx
  artifactKey: Guid(9ed1e8a25f964bd4298944675e425a0d) Importer(815301076,1909f56bfc062723c751e8b465ee728b)
Start importing Assets/Models/Shell.fbx using Guid(9ed1e8a25f964bd4298944675e425a0d) Importer(815301076,1909f56bfc062723c751e8b465ee728b)  -> (artifact id: '4a0adf84b9f0c37522aac21255dcd7f2') in 0.063690 seconds 
========================================================================
Received Import Request.
  Time since last request: 0.000075 seconds.
  path: Assets/Models/Rocks02.fbx
  artifactKey: Guid(8f90bdc8aeb4bad4db0cb091100a44f4) Importer(815301076,1909f56bfc062723c751e8b465ee728b)
Start importing Assets/Models/Rocks02.fbx using Guid(8f90bdc8aeb4bad4db0cb091100a44f4) Importer(815301076,1909f56bfc062723c751e8b465ee728b)  -> (artifact id: 'f12addb40469a3b279e462ee7ec386e4') in 0.061595 seconds 
========================================================================
Received Import Request.
  Time since last request: 0.000246 seconds.
  path: Assets/Models/Rocks01.fbx
  artifactKey: Guid(2964d4e5af87e5245bdd71b73e9b92f1) Importer(815301076,1909f56bfc062723c751e8b465ee728b)
Start importing Assets/Models/Rocks01.fbx using Guid(2964d4e5af87e5245bdd71b73e9b92f1) Importer(815301076,1909f56bfc062723c751e8b465ee728b)  -> (artifact id: 'e36310ca167ee702b8b0e329d0823efe') in 0.069969 seconds 
========================================================================
Received Import Request.
  Time since last request: 0.000056 seconds.
  path: Assets/Models/Column01.FBX
  artifactKey: Guid(8d8760d4504814540ba00eaa1d1f43ac) Importer(815301076,1909f56bfc062723c751e8b465ee728b)
Start importing Assets/Models/Column01.FBX using Guid(8d8760d4504814540ba00eaa1d1f43ac) Importer(815301076,1909f56bfc062723c751e8b465ee728b)  -> (artifact id: 'fe252b7d2e9ef6c77f9efe7a21fb53de') in 0.071375 seconds 
========================================================================
Received Import Request.
  Time since last request: 0.000066 seconds.
  path: Assets/Models/Concrete.fbx
  artifactKey: Guid(a678ab9f67b4ce84093be35214bdb92d) Importer(815301076,1909f56bfc062723c751e8b465ee728b)
Start importing Assets/Models/Concrete.fbx using Guid(a678ab9f67b4ce84093be35214bdb92d) Importer(815301076,1909f56bfc062723c751e8b465ee728b)  -> (artifact id: '86cb9f87ddaa0e61f2548202ac4ac291') in 0.064024 seconds 
========================================================================
Received Import Request.
  Time since last request: 0.000070 seconds.
  path: Assets/Models/Refinery.fbx
  artifactKey: Guid(6e4d8dfe03882c54380948659f725233) Importer(815301076,1909f56bfc062723c751e8b465ee728b)
Start importing Assets/Models/Refinery.fbx using Guid(6e4d8dfe03882c54380948659f725233) Importer(815301076,1909f56bfc062723c751e8b465ee728b)  -> (artifact id: '49adb1e8030bd998393f078fe29113e0') in 0.063335 seconds 
========================================================================
Received Prepare
Registering precompiled user dll's ...
Registered in 0.014711 seconds.
Begin MonoManager ReloadAssembly
Native extension for WindowsStandalone target not found
Native extension for WebGL target not found
Refreshing native plugins compatible for Editor in 1.52 ms, found 2 plugins.
Preloading 0 native plugins for Editor in 0.00 ms.
Cancelling DisplayDialogComplex: Mobile Dependency Resolver required Mediation requires Mobile Dependency Resolver to resolve native dependencies.
 Would you like to import the package?
This should not be called in batch mode.
UnityEngine.StackTraceUtility:ExtractStackTrace ()
UnityEditor.EditorUtility:DisplayDialogComplex (string,string,string,string,string)
MobileDependencyResolver.Installer.Editor.MobileDependencyResolverInstaller:AskUserToInstallPackage () (at Library/PackageCache/com.unity.services.mediation@1.0.5/MobileDependencyResolver/Editor/MobileDependencyResolverInstaller.cs:38)
MobileDependencyResolver.Installer.Editor.MobileDependencyResolverInstaller:InstallPlayServicesResolverIfNeeded () (at Library/PackageCache/com.unity.services.mediation@1.0.5/MobileDependencyResolver/Editor/MobileDependencyResolverInstaller.cs:23)
System.Reflection.RuntimeMethodInfo:Invoke (object,System.Reflection.BindingFlags,System.Reflection.Binder,object[],System.Globalization.CultureInfo)
System.Reflection.MethodBase:Invoke (object,object[])
UnityEditor.EditorAssemblies:ProcessInitializeOnLoadMethodAttributes ()

[Library/PackageCache/com.unity.services.mediation@1.0.5/MobileDependencyResolver/Editor/MobileDependencyResolverInstaller.cs line 38]

Mono: successfully reloaded assembly
- Completed reload, in  1.911 seconds
Domain Reload Profiling:
	ReloadAssembly (1912ms)
		BeginReloadAssembly (243ms)
			ExecutionOrderSort (0ms)
			DisableScriptedObjects (13ms)
			BackupInstance (0ms)
			ReleaseScriptingObjects (0ms)
			CreateAndSetChildDomain (58ms)
		EndReloadAssembly (1494ms)
			LoadAssemblies (151ms)
			RebuildTransferFunctionScriptingTraits (0ms)
			SetupTypeCache (367ms)
			ReleaseScriptCaches (2ms)
			RebuildScriptCaches (76ms)
			SetupLoadedEditorAssemblies (819ms)
				LogAssemblyErrors (0ms)
				InitializePlatformSupportModulesInManaged (13ms)
				SetLoadedEditorAssemblies (1ms)
				RefreshPlugins (2ms)
				BeforeProcessingInitializeOnLoad (152ms)
				ProcessInitializeOnLoadAttributes (364ms)
				ProcessInitializeOnLoadMethodAttributes (257ms)
				AfterProcessingInitializeOnLoad (27ms)
				EditorAssembliesLoaded (4ms)
			ExecutionOrderSort2 (0ms)
			AwakeInstancesAfterBackupRestoration (15ms)
Platform modules already initialized, skipping
Refreshing native plugins compatible for Editor in 4.97 ms, found 2 plugins.
Preloading 0 native plugins for Editor in 0.00 ms.
Unloading 2425 Unused Serialized files (Serialized files now loaded: 0)
Unloading 52 unused Assets / (310.8 KB). Loaded Objects now: 2898.
Memory consumption went from 99.5 MB to 99.2 MB.
Total: 8.159700 ms (FindLiveObjects: 0.267500 ms CreateObjectMapping: 0.098200 ms MarkObjects: 7.712500 ms  DeleteObjects: 0.080200 ms)

AssetImportParameters requested are different than current active one (requested -> active):
  custom:video-decoder-ogg-theora: a1e56fd34408186e4bbccfd4996cb3dc -> 
  custom:container-muxer-webm: aa71ff27fc2769a1b78a27578f13a17b -> 
  custom:container-demuxer-webm: 4f35f7cbe854078d1ac9338744f61a02 -> 
  custom:video-encoder-webm-vp8: eb34c28f22e8b96e1ab97ce403110664 -> 
  custom:audio-encoder-webm-vorbis: bf7c407c2cedff20999df2af8eb42d56 -> 
  custom:framework-win-MediaFoundation: 216162199b28c13a410421893ffa2e32 -> 
  custom:container-demuxer-ogg: 62fdf1f143b41e24485cea50d1cbac27 -> 
  custom:video-decoder-webm-vp8: 9c59270c3fd7afecdb556c50c9e8de78 -> 
  custom:audio-decoder-ogg-vorbis: bf7c407c2cedff20999df2af8eb42d56 -> 
========================================================================
Received Import Request.
  Time since last request: 14053.454931 seconds.
  path: Assets/Scripts
  artifactKey: Guid(fd9c214f640fae348958e74eaea6f543) Importer(815301076,1909f56bfc062723c751e8b465ee728b)
Start importing Assets/Scripts using Guid(fd9c214f640fae348958e74eaea6f543) Importer(815301076,1909f56bfc062723c751e8b465ee728b)  -> (artifact id: '2e179231f5fae249790234d488977d21') in 0.317700 seconds 
========================================================================
Received Import Request.
  Time since last request: 36.704566 seconds.
  path: Assets/Scripts/TankSpawner.cs
  artifactKey: Guid(ab064f2c50cd4ee4f81c300d24c4e517) Importer(815301076,1909f56bfc062723c751e8b465ee728b)
Start importing Assets/Scripts/TankSpawner.cs using Guid(ab064f2c50cd4ee4f81c300d24c4e517) Importer(815301076,1909f56bfc062723c751e8b465ee728b)  -> (artifact id: '6c61e463b470a4589e7053a4dad52fe8') in 0.210935 seconds 
========================================================================
Received Prepare
Registering precompiled user dll's ...
Registered in 0.008699 seconds.
Begin MonoManager ReloadAssembly
Native extension for WindowsStandalone target not found
Native extension for WebGL target not found
Refreshing native plugins compatible for Editor in 1.31 ms, found 2 plugins.
Preloading 0 native plugins for Editor in 0.00 ms.
Cancelling DisplayDialogComplex: Mobile Dependency Resolver required Mediation requires Mobile Dependency Resolver to resolve native dependencies.
 Would you like to import the package?
This should not be called in batch mode.
UnityEngine.StackTraceUtility:ExtractStackTrace ()
UnityEditor.EditorUtility:DisplayDialogComplex (string,string,string,string,string)
MobileDependencyResolver.Installer.Editor.MobileDependencyResolverInstaller:AskUserToInstallPackage () (at Library/PackageCache/com.unity.services.mediation@1.0.5/MobileDependencyResolver/Editor/MobileDependencyResolverInstaller.cs:38)
MobileDependencyResolver.Installer.Editor.MobileDependencyResolverInstaller:InstallPlayServicesResolverIfNeeded () (at Library/PackageCache/com.unity.services.mediation@1.0.5/MobileDependencyResolver/Editor/MobileDependencyResolverInstaller.cs:23)
System.Reflection.RuntimeMethodInfo:Invoke (object,System.Reflection.BindingFlags,System.Reflection.Binder,object[],System.Globalization.CultureInfo)
System.Reflection.MethodBase:Invoke (object,object[])
UnityEditor.EditorAssemblies:ProcessInitializeOnLoadMethodAttributes ()

[Library/PackageCache/com.unity.services.mediation@1.0.5/MobileDependencyResolver/Editor/MobileDependencyResolverInstaller.cs line 38]

Mono: successfully reloaded assembly
- Completed reload, in  4.393 seconds
Domain Reload Profiling:
	ReloadAssembly (4396ms)
		BeginReloadAssembly (836ms)
			ExecutionOrderSort (0ms)
			DisableScriptedObjects (41ms)
			BackupInstance (0ms)
			ReleaseScriptingObjects (0ms)
			CreateAndSetChildDomain (209ms)
		EndReloadAssembly (3060ms)
			LoadAssemblies (528ms)
			RebuildTransferFunctionScriptingTraits (0ms)
			SetupTypeCache (697ms)
			ReleaseScriptCaches (3ms)
			RebuildScriptCaches (135ms)
			SetupLoadedEditorAssemblies (1771ms)
				LogAssemblyErrors (0ms)
				InitializePlatformSupportModulesInManaged (18ms)
				SetLoadedEditorAssemblies (1ms)
				RefreshPlugins (1ms)
				BeforeProcessingInitializeOnLoad (191ms)
				ProcessInitializeOnLoadAttributes (1064ms)
				ProcessInitializeOnLoadMethodAttributes (471ms)
				AfterProcessingInitializeOnLoad (23ms)
				EditorAssembliesLoaded (1ms)
			ExecutionOrderSort2 (0ms)
			AwakeInstancesAfterBackupRestoration (15ms)
Platform modules already initialized, skipping
Refreshing native plugins compatible for Editor in 12.90 ms, found 2 plugins.
Preloading 0 native plugins for Editor in 0.00 ms.
Unloading 2426 Unused Serialized files (Serialized files now loaded: 0)
Unloading 52 unused Assets / (310.6 KB). Loaded Objects now: 2902.
Memory consumption went from 99.6 MB to 99.3 MB.
Total: 24.752700 ms (FindLiveObjects: 0.451600 ms CreateObjectMapping: 0.201200 ms MarkObjects: 23.864700 ms  DeleteObjects: 0.224800 ms)

AssetImportParameters requested are different than current active one (requested -> active):
  custom:video-decoder-ogg-theora: a1e56fd34408186e4bbccfd4996cb3dc -> 
  custom:container-muxer-webm: aa71ff27fc2769a1b78a27578f13a17b -> 
  custom:container-demuxer-webm: 4f35f7cbe854078d1ac9338744f61a02 -> 
  custom:video-encoder-webm-vp8: eb34c28f22e8b96e1ab97ce403110664 -> 
  custom:audio-encoder-webm-vorbis: bf7c407c2cedff20999df2af8eb42d56 -> 
  custom:framework-win-MediaFoundation: 216162199b28c13a410421893ffa2e32 -> 
  custom:container-demuxer-ogg: 62fdf1f143b41e24485cea50d1cbac27 -> 
  custom:video-decoder-webm-vp8: 9c59270c3fd7afecdb556c50c9e8de78 -> 
  custom:audio-decoder-ogg-vorbis: bf7c407c2cedff20999df2af8eb42d56 -> 
========================================================================
Received Import Request.
  Time since last request: 266.902274 seconds.
  path: Assets/Scripts/TankSpawner.cs
  artifactKey: Guid(ab064f2c50cd4ee4f81c300d24c4e517) Importer(815301076,1909f56bfc062723c751e8b465ee728b)
Start importing Assets/Scripts/TankSpawner.cs using Guid(ab064f2c50cd4ee4f81c300d24c4e517) Importer(815301076,1909f56bfc062723c751e8b465ee728b)  -> (artifact id: 'c16a04200c025e8f6bd12a879a49d9ed') in 0.063435 seconds 
========================================================================
Received Import Request.
  Time since last request: 45.807283 seconds.
  path: Assets/Scripts/TankSpawner.cs
  artifactKey: Guid(ab064f2c50cd4ee4f81c300d24c4e517) Importer(815301076,1909f56bfc062723c751e8b465ee728b)
Start importing Assets/Scripts/TankSpawner.cs using Guid(ab064f2c50cd4ee4f81c300d24c4e517) Importer(815301076,1909f56bfc062723c751e8b465ee728b)  -> (artifact id: '2f772459e698e5093778e308acfee9e5') in 0.015392 seconds 
========================================================================
Received Prepare
Registering precompiled user dll's ...
Registered in 0.035266 seconds.
Begin MonoManager ReloadAssembly
Native extension for WindowsStandalone target not found
Native extension for WebGL target not found
Refreshing native plugins compatible for Editor in 3.70 ms, found 2 plugins.
Preloading 0 native plugins for Editor in 0.00 ms.
Cancelling DisplayDialogComplex: Mobile Dependency Resolver required Mediation requires Mobile Dependency Resolver to resolve native dependencies.
 Would you like to import the package?
This should not be called in batch mode.
UnityEngine.StackTraceUtility:ExtractStackTrace ()
UnityEditor.EditorUtility:DisplayDialogComplex (string,string,string,string,string)
MobileDependencyResolver.Installer.Editor.MobileDependencyResolverInstaller:AskUserToInstallPackage () (at Library/PackageCache/com.unity.services.mediation@1.0.5/MobileDependencyResolver/Editor/MobileDependencyResolverInstaller.cs:38)
MobileDependencyResolver.Installer.Editor.MobileDependencyResolverInstaller:InstallPlayServicesResolverIfNeeded () (at Library/PackageCache/com.unity.services.mediation@1.0.5/MobileDependencyResolver/Editor/MobileDependencyResolverInstaller.cs:23)
System.Reflection.RuntimeMethodInfo:Invoke (object,System.Reflection.BindingFlags,System.Reflection.Binder,object[],System.Globalization.CultureInfo)
System.Reflection.MethodBase:Invoke (object,object[])
UnityEditor.EditorAssemblies:ProcessInitializeOnLoadMethodAttributes ()

[Library/PackageCache/com.unity.services.mediation@1.0.5/MobileDependencyResolver/Editor/MobileDependencyResolverInstaller.cs line 38]

Mono: successfully reloaded assembly
- Completed reload, in  9.171 seconds
Domain Reload Profiling:
	ReloadAssembly (9175ms)
		BeginReloadAssembly (792ms)
			ExecutionOrderSort (0ms)
			DisableScriptedObjects (31ms)
			BackupInstance (0ms)
			ReleaseScriptingObjects (0ms)
			CreateAndSetChildDomain (192ms)
		EndReloadAssembly (7713ms)
			LoadAssemblies (571ms)
			RebuildTransferFunctionScriptingTraits (0ms)
			SetupTypeCache (2481ms)
			ReleaseScriptCaches (13ms)
			RebuildScriptCaches (618ms)
			SetupLoadedEditorAssemblies (3350ms)
				LogAssemblyErrors (0ms)
				InitializePlatformSupportModulesInManaged (80ms)
				SetLoadedEditorAssemblies (3ms)
				RefreshPlugins (4ms)
				BeforeProcessingInitializeOnLoad (456ms)
				ProcessInitializeOnLoadAttributes (2038ms)
				ProcessInitializeOnLoadMethodAttributes (711ms)
				AfterProcessingInitializeOnLoad (57ms)
				EditorAssembliesLoaded (1ms)
			ExecutionOrderSort2 (0ms)
			AwakeInstancesAfterBackupRestoration (41ms)
Platform modules already initialized, skipping
Refreshing native plugins compatible for Editor in 33.63 ms, found 2 plugins.
Preloading 0 native plugins for Editor in 0.00 ms.
Unloading 2426 Unused Serialized files (Serialized files now loaded: 0)
Unloading 52 unused Assets / (310.9 KB). Loaded Objects now: 2905.
Memory consumption went from 99.6 MB to 99.3 MB.
Total: 40.526100 ms (FindLiveObjects: 0.878000 ms CreateObjectMapping: 0.381300 ms MarkObjects: 38.948700 ms  DeleteObjects: 0.313400 ms)

AssetImportParameters requested are different than current active one (requested -> active):
  custom:video-decoder-ogg-theora: a1e56fd34408186e4bbccfd4996cb3dc -> 
  custom:container-muxer-webm: aa71ff27fc2769a1b78a27578f13a17b -> 
  custom:container-demuxer-webm: 4f35f7cbe854078d1ac9338744f61a02 -> 
  custom:video-encoder-webm-vp8: eb34c28f22e8b96e1ab97ce403110664 -> 
  custom:audio-encoder-webm-vorbis: bf7c407c2cedff20999df2af8eb42d56 -> 
  custom:framework-win-MediaFoundation: 216162199b28c13a410421893ffa2e32 -> 
  custom:container-demuxer-ogg: 62fdf1f143b41e24485cea50d1cbac27 -> 
  custom:video-decoder-webm-vp8: 9c59270c3fd7afecdb556c50c9e8de78 -> 
  custom:audio-decoder-ogg-vorbis: bf7c407c2cedff20999df2af8eb42d56 -> 
========================================================================
Received Import Request.
  Time since last request: 79.876966 seconds.
  path: Assets/Prefabs/Tank.prefab
  artifactKey: Guid(8e9872e5be20ef44cb274165d07288e3) Importer(815301076,1909f56bfc062723c751e8b465ee728b)
Start importing Assets/Prefabs/Tank.prefab using Guid(8e9872e5be20ef44cb274165d07288e3) Importer(815301076,1909f56bfc062723c751e8b465ee728b)  -> (artifact id: 'a18f82c76401c47d6196d0cf9fdb83f1') in 0.254535 seconds 
========================================================================
Received Prepare
Registering precompiled user dll's ...
Registered in 0.006505 seconds.
Begin MonoManager ReloadAssembly
Native extension for WindowsStandalone target not found
Native extension for WebGL target not found
Refreshing native plugins compatible for Editor in 1.46 ms, found 2 plugins.
Preloading 0 native plugins for Editor in 0.00 ms.
Cancelling DisplayDialogComplex: Mobile Dependency Resolver required Mediation requires Mobile Dependency Resolver to resolve native dependencies.
 Would you like to import the package?
This should not be called in batch mode.
UnityEngine.StackTraceUtility:ExtractStackTrace ()
UnityEditor.EditorUtility:DisplayDialogComplex (string,string,string,string,string)
MobileDependencyResolver.Installer.Editor.MobileDependencyResolverInstaller:AskUserToInstallPackage () (at Library/PackageCache/com.unity.services.mediation@1.0.5/MobileDependencyResolver/Editor/MobileDependencyResolverInstaller.cs:38)
MobileDependencyResolver.Installer.Editor.MobileDependencyResolverInstaller:InstallPlayServicesResolverIfNeeded () (at Library/PackageCache/com.unity.services.mediation@1.0.5/MobileDependencyResolver/Editor/MobileDependencyResolverInstaller.cs:23)
System.Reflection.RuntimeMethodInfo:Invoke (object,System.Reflection.BindingFlags,System.Reflection.Binder,object[],System.Globalization.CultureInfo)
System.Reflection.MethodBase:Invoke (object,object[])
UnityEditor.EditorAssemblies:ProcessInitializeOnLoadMethodAttributes ()

[Library/PackageCache/com.unity.services.mediation@1.0.5/MobileDependencyResolver/Editor/MobileDependencyResolverInstaller.cs line 38]

Mono: successfully reloaded assembly
- Completed reload, in  2.766 seconds
Domain Reload Profiling:
	ReloadAssembly (2768ms)
		BeginReloadAssembly (387ms)
			ExecutionOrderSort (0ms)
			DisableScriptedObjects (16ms)
			BackupInstance (0ms)
			ReleaseScriptingObjects (0ms)
			CreateAndSetChildDomain (85ms)
		EndReloadAssembly (2131ms)
			LoadAssemblies (263ms)
			RebuildTransferFunctionScriptingTraits (0ms)
			SetupTypeCache (393ms)
			ReleaseScriptCaches (2ms)
			RebuildScriptCaches (124ms)
			SetupLoadedEditorAssemblies (1290ms)
				LogAssemblyErrors (0ms)
				InitializePlatformSupportModulesInManaged (26ms)
				SetLoadedEditorAssemblies (1ms)
				RefreshPlugins (2ms)
				BeforeProcessingInitializeOnLoad (164ms)
				ProcessInitializeOnLoadAttributes (583ms)
				ProcessInitializeOnLoadMethodAttributes (487ms)
				AfterProcessingInitializeOnLoad (26ms)
				EditorAssembliesLoaded (1ms)
			ExecutionOrderSort2 (0ms)
			AwakeInstancesAfterBackupRestoration (16ms)
Platform modules already initialized, skipping
Refreshing native plugins compatible for Editor in 16.27 ms, found 2 plugins.
Preloading 0 native plugins for Editor in 0.00 ms.
Unloading 2426 Unused Serialized files (Serialized files now loaded: 0)
Unloading 52 unused Assets / (310.8 KB). Loaded Objects now: 2908.
Memory consumption went from 99.6 MB to 99.3 MB.
Total: 19.413700 ms (FindLiveObjects: 0.431200 ms CreateObjectMapping: 0.205400 ms MarkObjects: 18.609000 ms  DeleteObjects: 0.164700 ms)

AssetImportParameters requested are different than current active one (requested -> active):
  custom:video-decoder-ogg-theora: a1e56fd34408186e4bbccfd4996cb3dc -> 
  custom:container-muxer-webm: aa71ff27fc2769a1b78a27578f13a17b -> 
  custom:container-demuxer-webm: 4f35f7cbe854078d1ac9338744f61a02 -> 
  custom:video-encoder-webm-vp8: eb34c28f22e8b96e1ab97ce403110664 -> 
  custom:audio-encoder-webm-vorbis: bf7c407c2cedff20999df2af8eb42d56 -> 
  custom:framework-win-MediaFoundation: 216162199b28c13a410421893ffa2e32 -> 
  custom:container-demuxer-ogg: 62fdf1f143b41e24485cea50d1cbac27 -> 
  custom:video-decoder-webm-vp8: 9c59270c3fd7afecdb556c50c9e8de78 -> 
  custom:audio-decoder-ogg-vorbis: bf7c407c2cedff20999df2af8eb42d56 -> 
========================================================================
Received Import Request.
  Time since last request: 2605.612206 seconds.
  path: Assets/Scripts/TankController.cs
  artifactKey: Guid(5c222844bec061143b3efa22fdec45e3) Importer(815301076,1909f56bfc062723c751e8b465ee728b)
Start importing Assets/Scripts/TankController.cs using Guid(5c222844bec061143b3efa22fdec45e3) Importer(815301076,1909f56bfc062723c751e8b465ee728b)  -> (artifact id: 'b6c339468c4bd4c9a2d68259dd69a91b') in 0.137020 seconds 
========================================================================
Received Prepare
Registering precompiled user dll's ...
Registered in 0.023462 seconds.
Begin MonoManager ReloadAssembly
Native extension for WindowsStandalone target not found
Native extension for WebGL target not found
Refreshing native plugins compatible for Editor in 10.03 ms, found 2 plugins.
Preloading 0 native plugins for Editor in 0.00 ms.
Cancelling DisplayDialogComplex: Mobile Dependency Resolver required Mediation requires Mobile Dependency Resolver to resolve native dependencies.
 Would you like to import the package?
This should not be called in batch mode.
UnityEngine.StackTraceUtility:ExtractStackTrace ()
UnityEditor.EditorUtility:DisplayDialogComplex (string,string,string,string,string)
MobileDependencyResolver.Installer.Editor.MobileDependencyResolverInstaller:AskUserToInstallPackage () (at Library/PackageCache/com.unity.services.mediation@1.0.5/MobileDependencyResolver/Editor/MobileDependencyResolverInstaller.cs:38)
MobileDependencyResolver.Installer.Editor.MobileDependencyResolverInstaller:InstallPlayServicesResolverIfNeeded () (at Library/PackageCache/com.unity.services.mediation@1.0.5/MobileDependencyResolver/Editor/MobileDependencyResolverInstaller.cs:23)
System.Reflection.RuntimeMethodInfo:Invoke (object,System.Reflection.BindingFlags,System.Reflection.Binder,object[],System.Globalization.CultureInfo)
System.Reflection.MethodBase:Invoke (object,object[])
UnityEditor.EditorAssemblies:ProcessInitializeOnLoadMethodAttributes ()

[Library/PackageCache/com.unity.services.mediation@1.0.5/MobileDependencyResolver/Editor/MobileDependencyResolverInstaller.cs line 38]

Mono: successfully reloaded assembly
- Completed reload, in 14.119 seconds
Domain Reload Profiling:
	ReloadAssembly (14126ms)
		BeginReloadAssembly (1673ms)
			ExecutionOrderSort (0ms)
			DisableScriptedObjects (79ms)
			BackupInstance (0ms)
			ReleaseScriptingObjects (0ms)
			CreateAndSetChildDomain (352ms)
		EndReloadAssembly (11220ms)
			LoadAssemblies (1136ms)
			RebuildTransferFunctionScriptingTraits (1ms)
			SetupTypeCache (2271ms)
			ReleaseScriptCaches (6ms)
			RebuildScriptCaches (532ms)
			SetupLoadedEditorAssemblies (6755ms)
				LogAssemblyErrors (0ms)
				InitializePlatformSupportModulesInManaged (235ms)
				SetLoadedEditorAssemblies (13ms)
				RefreshPlugins (14ms)
				BeforeProcessingInitializeOnLoad (1142ms)
				ProcessInitializeOnLoadAttributes (3074ms)
				ProcessInitializeOnLoadMethodAttributes (2089ms)
				AfterProcessingInitializeOnLoad (182ms)
				EditorAssembliesLoaded (4ms)
			ExecutionOrderSort2 (0ms)
			AwakeInstancesAfterBackupRestoration (93ms)
Platform modules already initialized, skipping
Refreshing native plugins compatible for Editor in 105.71 ms, found 2 plugins.
Preloading 0 native plugins for Editor in 0.00 ms.
Unloading 2427 Unused Serialized files (Serialized files now loaded: 0)
Unloading 52 unused Assets / (310.9 KB). Loaded Objects now: 2912.
Memory consumption went from 99.6 MB to 99.3 MB.
Total: 140.572400 ms (FindLiveObjects: 10.699400 ms CreateObjectMapping: 3.162900 ms MarkObjects: 126.060100 ms  DeleteObjects: 0.644900 ms)

AssetImportParameters requested are different than current active one (requested -> active):
  custom:video-decoder-ogg-theora: a1e56fd34408186e4bbccfd4996cb3dc -> 
  custom:container-muxer-webm: aa71ff27fc2769a1b78a27578f13a17b -> 
  custom:container-demuxer-webm: 4f35f7cbe854078d1ac9338744f61a02 -> 
  custom:video-encoder-webm-vp8: eb34c28f22e8b96e1ab97ce403110664 -> 
  custom:audio-encoder-webm-vorbis: bf7c407c2cedff20999df2af8eb42d56 -> 
  custom:framework-win-MediaFoundation: 216162199b28c13a410421893ffa2e32 -> 
  custom:container-demuxer-ogg: 62fdf1f143b41e24485cea50d1cbac27 -> 
  custom:video-decoder-webm-vp8: 9c59270c3fd7afecdb556c50c9e8de78 -> 
  custom:audio-decoder-ogg-vorbis: bf7c407c2cedff20999df2af8eb42d56 -> 
========================================================================
Received Import Request.
  Time since last request: 80.125969 seconds.
  path: Assets/Scripts/TankController.cs
  artifactKey: Guid(5c222844bec061143b3efa22fdec45e3) Importer(815301076,1909f56bfc062723c751e8b465ee728b)
Start importing Assets/Scripts/TankController.cs using Guid(5c222844bec061143b3efa22fdec45e3) Importer(815301076,1909f56bfc062723c751e8b465ee728b)  -> (artifact id: 'c0c658a4912541e23face2b584d1500f') in 0.049466 seconds 
========================================================================
Received Prepare
Registering precompiled user dll's ...
Registered in 0.007288 seconds.
Begin MonoManager ReloadAssembly
Native extension for WindowsStandalone target not found
Native extension for WebGL target not found
Refreshing native plugins compatible for Editor in 1.75 ms, found 2 plugins.
Preloading 0 native plugins for Editor in 0.00 ms.
Cancelling DisplayDialogComplex: Mobile Dependency Resolver required Mediation requires Mobile Dependency Resolver to resolve native dependencies.
 Would you like to import the package?
This should not be called in batch mode.
UnityEngine.StackTraceUtility:ExtractStackTrace ()
UnityEditor.EditorUtility:DisplayDialogComplex (string,string,string,string,string)
MobileDependencyResolver.Installer.Editor.MobileDependencyResolverInstaller:AskUserToInstallPackage () (at Library/PackageCache/com.unity.services.mediation@1.0.5/MobileDependencyResolver/Editor/MobileDependencyResolverInstaller.cs:38)
MobileDependencyResolver.Installer.Editor.MobileDependencyResolverInstaller:InstallPlayServicesResolverIfNeeded () (at Library/PackageCache/com.unity.services.mediation@1.0.5/MobileDependencyResolver/Editor/MobileDependencyResolverInstaller.cs:23)
System.Reflection.RuntimeMethodInfo:Invoke (object,System.Reflection.BindingFlags,System.Reflection.Binder,object[],System.Globalization.CultureInfo)
System.Reflection.MethodBase:Invoke (object,object[])
UnityEditor.EditorAssemblies:ProcessInitializeOnLoadMethodAttributes ()

[Library/PackageCache/com.unity.services.mediation@1.0.5/MobileDependencyResolver/Editor/MobileDependencyResolverInstaller.cs line 38]

Mono: successfully reloaded assembly
- Completed reload, in  2.590 seconds
Domain Reload Profiling:
	ReloadAssembly (2592ms)
		BeginReloadAssembly (399ms)
			ExecutionOrderSort (0ms)
			DisableScriptedObjects (16ms)
			BackupInstance (0ms)
			ReleaseScriptingObjects (0ms)
			CreateAndSetChildDomain (72ms)
		EndReloadAssembly (1908ms)
			LoadAssemblies (291ms)
			RebuildTransferFunctionScriptingTraits (0ms)
			SetupTypeCache (474ms)
			ReleaseScriptCaches (2ms)
			RebuildScriptCaches (137ms)
			SetupLoadedEditorAssemblies (1000ms)
				LogAssemblyErrors (0ms)
				InitializePlatformSupportModulesInManaged (25ms)
				SetLoadedEditorAssemblies (2ms)
				RefreshPlugins (2ms)
				BeforeProcessingInitializeOnLoad (190ms)
				ProcessInitializeOnLoadAttributes (460ms)
				ProcessInitializeOnLoadMethodAttributes (303ms)
				AfterProcessingInitializeOnLoad (18ms)
				EditorAssembliesLoaded (0ms)
			ExecutionOrderSort2 (0ms)
			AwakeInstancesAfterBackupRestoration (11ms)
Platform modules already initialized, skipping
Refreshing native plugins compatible for Editor in 11.68 ms, found 2 plugins.
Preloading 0 native plugins for Editor in 0.00 ms.
Unloading 2427 Unused Serialized files (Serialized files now loaded: 0)
Unloading 52 unused Assets / (311.0 KB). Loaded Objects now: 2915.
Memory consumption went from 99.6 MB to 99.3 MB.
Total: 14.856800 ms (FindLiveObjects: 0.401300 ms CreateObjectMapping: 0.133100 ms MarkObjects: 14.205700 ms  DeleteObjects: 0.114300 ms)

AssetImportParameters requested are different than current active one (requested -> active):
  custom:video-decoder-ogg-theora: a1e56fd34408186e4bbccfd4996cb3dc -> 
  custom:container-muxer-webm: aa71ff27fc2769a1b78a27578f13a17b -> 
  custom:container-demuxer-webm: 4f35f7cbe854078d1ac9338744f61a02 -> 
  custom:video-encoder-webm-vp8: eb34c28f22e8b96e1ab97ce403110664 -> 
  custom:audio-encoder-webm-vorbis: bf7c407c2cedff20999df2af8eb42d56 -> 
  custom:framework-win-MediaFoundation: 216162199b28c13a410421893ffa2e32 -> 
  custom:container-demuxer-ogg: 62fdf1f143b41e24485cea50d1cbac27 -> 
  custom:video-decoder-webm-vp8: 9c59270c3fd7afecdb556c50c9e8de78 -> 
  custom:audio-decoder-ogg-vorbis: bf7c407c2cedff20999df2af8eb42d56 -> 
========================================================================
Received Import Request.
  Time since last request: 22.954270 seconds.
  path: Assets/Scripts/TankController.cs
  artifactKey: Guid(5c222844bec061143b3efa22fdec45e3) Importer(815301076,1909f56bfc062723c751e8b465ee728b)
Start importing Assets/Scripts/TankController.cs using Guid(5c222844bec061143b3efa22fdec45e3) Importer(815301076,1909f56bfc062723c751e8b465ee728b)  -> (artifact id: 'bcdc39e34199d423d2257a62f4d1342f') in 0.011629 seconds 
========================================================================
Received Import Request.
  Time since last request: 11.029020 seconds.
  path: Assets/Scripts/TankModel.cs
  artifactKey: Guid(77229d6c11c39aa43aedfc8468c96d30) Importer(815301076,1909f56bfc062723c751e8b465ee728b)
Start importing Assets/Scripts/TankModel.cs using Guid(77229d6c11c39aa43aedfc8468c96d30) Importer(815301076,1909f56bfc062723c751e8b465ee728b)  -> (artifact id: 'd608d0945e439649bfb69f0c3e24556c') in 0.027467 seconds 
========================================================================
Received Prepare
Registering precompiled user dll's ...
Registered in 0.009451 seconds.
Begin MonoManager ReloadAssembly
Native extension for WindowsStandalone target not found
Native extension for WebGL target not found
Refreshing native plugins compatible for Editor in 1.85 ms, found 2 plugins.
Preloading 0 native plugins for Editor in 0.00 ms.
Cancelling DisplayDialogComplex: Mobile Dependency Resolver required Mediation requires Mobile Dependency Resolver to resolve native dependencies.
 Would you like to import the package?
This should not be called in batch mode.
UnityEngine.StackTraceUtility:ExtractStackTrace ()
UnityEditor.EditorUtility:DisplayDialogComplex (string,string,string,string,string)
MobileDependencyResolver.Installer.Editor.MobileDependencyResolverInstaller:AskUserToInstallPackage () (at Library/PackageCache/com.unity.services.mediation@1.0.5/MobileDependencyResolver/Editor/MobileDependencyResolverInstaller.cs:38)
MobileDependencyResolver.Installer.Editor.MobileDependencyResolverInstaller:InstallPlayServicesResolverIfNeeded () (at Library/PackageCache/com.unity.services.mediation@1.0.5/MobileDependencyResolver/Editor/MobileDependencyResolverInstaller.cs:23)
System.Reflection.RuntimeMethodInfo:Invoke (object,System.Reflection.BindingFlags,System.Reflection.Binder,object[],System.Globalization.CultureInfo)
System.Reflection.MethodBase:Invoke (object,object[])
UnityEditor.EditorAssemblies:ProcessInitializeOnLoadMethodAttributes ()

[Library/PackageCache/com.unity.services.mediation@1.0.5/MobileDependencyResolver/Editor/MobileDependencyResolverInstaller.cs line 38]

Mono: successfully reloaded assembly
- Completed reload, in  2.896 seconds
Domain Reload Profiling:
	ReloadAssembly (2898ms)
		BeginReloadAssembly (391ms)
			ExecutionOrderSort (0ms)
			DisableScriptedObjects (18ms)
			BackupInstance (0ms)
			ReleaseScriptingObjects (0ms)
			CreateAndSetChildDomain (88ms)
		EndReloadAssembly (2199ms)
			LoadAssemblies (269ms)
			RebuildTransferFunctionScriptingTraits (0ms)
			SetupTypeCache (613ms)
			ReleaseScriptCaches (2ms)
			RebuildScriptCaches (158ms)
			SetupLoadedEditorAssemblies (1035ms)
				LogAssemblyErrors (0ms)
				InitializePlatformSupportModulesInManaged (39ms)
				SetLoadedEditorAssemblies (4ms)
				RefreshPlugins (2ms)
				BeforeProcessingInitializeOnLoad (209ms)
				ProcessInitializeOnLoadAttributes (479ms)
				ProcessInitializeOnLoadMethodAttributes (285ms)
				AfterProcessingInitializeOnLoad (16ms)
				EditorAssembliesLoaded (1ms)
			ExecutionOrderSort2 (0ms)
			AwakeInstancesAfterBackupRestoration (13ms)
Platform modules already initialized, skipping
Refreshing native plugins compatible for Editor in 6.17 ms, found 2 plugins.
Preloading 0 native plugins for Editor in 0.00 ms.
Unloading 2428 Unused Serialized files (Serialized files now loaded: 0)
Unloading 52 unused Assets / (310.9 KB). Loaded Objects now: 2919.
Memory consumption went from 99.7 MB to 99.4 MB.
Total: 12.340500 ms (FindLiveObjects: 0.326600 ms CreateObjectMapping: 0.160300 ms MarkObjects: 11.745200 ms  DeleteObjects: 0.106400 ms)

AssetImportParameters requested are different than current active one (requested -> active):
  custom:video-decoder-ogg-theora: a1e56fd34408186e4bbccfd4996cb3dc -> 
  custom:container-muxer-webm: aa71ff27fc2769a1b78a27578f13a17b -> 
  custom:container-demuxer-webm: 4f35f7cbe854078d1ac9338744f61a02 -> 
  custom:video-encoder-webm-vp8: eb34c28f22e8b96e1ab97ce403110664 -> 
  custom:audio-encoder-webm-vorbis: bf7c407c2cedff20999df2af8eb42d56 -> 
  custom:framework-win-MediaFoundation: 216162199b28c13a410421893ffa2e32 -> 
  custom:container-demuxer-ogg: 62fdf1f143b41e24485cea50d1cbac27 -> 
  custom:video-decoder-webm-vp8: 9c59270c3fd7afecdb556c50c9e8de78 -> 
  custom:audio-decoder-ogg-vorbis: bf7c407c2cedff20999df2af8eb42d56 -> 
========================================================================
Received Import Request.
  Time since last request: 25.486860 seconds.
  path: Assets/Scripts/TankView.cs
  artifactKey: Guid(78b48bd809a4d114c987189eb36d3a7b) Importer(815301076,1909f56bfc062723c751e8b465ee728b)
Start importing Assets/Scripts/TankView.cs using Guid(78b48bd809a4d114c987189eb36d3a7b) Importer(815301076,1909f56bfc062723c751e8b465ee728b)  -> (artifact id: 'cacfb96ebd388d789d173cdd1a33e8ef') in 0.032708 seconds 
========================================================================
Received Prepare
Registering precompiled user dll's ...
Registered in 0.009046 seconds.
Begin MonoManager ReloadAssembly
Native extension for WindowsStandalone target not found
Native extension for WebGL target not found
Refreshing native plugins compatible for Editor in 1.70 ms, found 2 plugins.
Preloading 0 native plugins for Editor in 0.00 ms.
Cancelling DisplayDialogComplex: Mobile Dependency Resolver required Mediation requires Mobile Dependency Resolver to resolve native dependencies.
 Would you like to import the package?
This should not be called in batch mode.
UnityEngine.StackTraceUtility:ExtractStackTrace ()
UnityEditor.EditorUtility:DisplayDialogComplex (string,string,string,string,string)
MobileDependencyResolver.Installer.Editor.MobileDependencyResolverInstaller:AskUserToInstallPackage () (at Library/PackageCache/com.unity.services.mediation@1.0.5/MobileDependencyResolver/Editor/MobileDependencyResolverInstaller.cs:38)
MobileDependencyResolver.Installer.Editor.MobileDependencyResolverInstaller:InstallPlayServicesResolverIfNeeded () (at Library/PackageCache/com.unity.services.mediation@1.0.5/MobileDependencyResolver/Editor/MobileDependencyResolverInstaller.cs:23)
System.Reflection.RuntimeMethodInfo:Invoke (object,System.Reflection.BindingFlags,System.Reflection.Binder,object[],System.Globalization.CultureInfo)
System.Reflection.MethodBase:Invoke (object,object[])
UnityEditor.EditorAssemblies:ProcessInitializeOnLoadMethodAttributes ()

[Library/PackageCache/com.unity.services.mediation@1.0.5/MobileDependencyResolver/Editor/MobileDependencyResolverInstaller.cs line 38]

Mono: successfully reloaded assembly
- Completed reload, in  2.807 seconds
Domain Reload Profiling:
	ReloadAssembly (2809ms)
		BeginReloadAssembly (421ms)
			ExecutionOrderSort (0ms)
			DisableScriptedObjects (24ms)
			BackupInstance (0ms)
			ReleaseScriptingObjects (0ms)
			CreateAndSetChildDomain (99ms)
		EndReloadAssembly (2061ms)
			LoadAssemblies (273ms)
			RebuildTransferFunctionScriptingTraits (0ms)
			SetupTypeCache (530ms)
			ReleaseScriptCaches (2ms)
			RebuildScriptCaches (127ms)
			SetupLoadedEditorAssemblies (1064ms)
				LogAssemblyErrors (0ms)
				InitializePlatformSupportModulesInManaged (27ms)
				SetLoadedEditorAssemblies (2ms)
				RefreshPlugins (2ms)
				BeforeProcessingInitializeOnLoad (183ms)
				ProcessInitializeOnLoadAttributes (457ms)
				ProcessInitializeOnLoadMethodAttributes (364ms)
				AfterProcessingInitializeOnLoad (29ms)
				EditorAssembliesLoaded (1ms)
			ExecutionOrderSort2 (0ms)
			AwakeInstancesAfterBackupRestoration (18ms)
Platform modules already initialized, skipping
Refreshing native plugins compatible for Editor in 7.00 ms, found 2 plugins.
Preloading 0 native plugins for Editor in 0.00 ms.
Unloading 2429 Unused Serialized files (Serialized files now loaded: 0)
Unloading 52 unused Assets / (310.9 KB). Loaded Objects now: 2923.
Memory consumption went from 99.7 MB to 99.4 MB.
Total: 11.671100 ms (FindLiveObjects: 0.369900 ms CreateObjectMapping: 0.135900 ms MarkObjects: 11.053800 ms  DeleteObjects: 0.109600 ms)

AssetImportParameters requested are different than current active one (requested -> active):
  custom:video-decoder-ogg-theora: a1e56fd34408186e4bbccfd4996cb3dc -> 
  custom:container-muxer-webm: aa71ff27fc2769a1b78a27578f13a17b -> 
  custom:container-demuxer-webm: 4f35f7cbe854078d1ac9338744f61a02 -> 
  custom:video-encoder-webm-vp8: eb34c28f22e8b96e1ab97ce403110664 -> 
  custom:audio-encoder-webm-vorbis: bf7c407c2cedff20999df2af8eb42d56 -> 
  custom:framework-win-MediaFoundation: 216162199b28c13a410421893ffa2e32 -> 
  custom:container-demuxer-ogg: 62fdf1f143b41e24485cea50d1cbac27 -> 
  custom:video-decoder-webm-vp8: 9c59270c3fd7afecdb556c50c9e8de78 -> 
  custom:audio-decoder-ogg-vorbis: bf7c407c2cedff20999df2af8eb42d56 -> 
========================================================================
Received Prepare
Registering precompiled user dll's ...
Registered in 0.019928 seconds.
Begin MonoManager ReloadAssembly
Native extension for WindowsStandalone target not found
Native extension for WebGL target not found
Refreshing native plugins compatible for Editor in 1.75 ms, found 2 plugins.
Preloading 0 native plugins for Editor in 0.00 ms.
Cancelling DisplayDialogComplex: Mobile Dependency Resolver required Mediation requires Mobile Dependency Resolver to resolve native dependencies.
 Would you like to import the package?
This should not be called in batch mode.
UnityEngine.StackTraceUtility:ExtractStackTrace ()
UnityEditor.EditorUtility:DisplayDialogComplex (string,string,string,string,string)
MobileDependencyResolver.Installer.Editor.MobileDependencyResolverInstaller:AskUserToInstallPackage () (at Library/PackageCache/com.unity.services.mediation@1.0.5/MobileDependencyResolver/Editor/MobileDependencyResolverInstaller.cs:38)
MobileDependencyResolver.Installer.Editor.MobileDependencyResolverInstaller:InstallPlayServicesResolverIfNeeded () (at Library/PackageCache/com.unity.services.mediation@1.0.5/MobileDependencyResolver/Editor/MobileDependencyResolverInstaller.cs:23)
System.Reflection.RuntimeMethodInfo:Invoke (object,System.Reflection.BindingFlags,System.Reflection.Binder,object[],System.Globalization.CultureInfo)
System.Reflection.MethodBase:Invoke (object,object[])
UnityEditor.EditorAssemblies:ProcessInitializeOnLoadMethodAttributes ()

[Library/PackageCache/com.unity.services.mediation@1.0.5/MobileDependencyResolver/Editor/MobileDependencyResolverInstaller.cs line 38]

Mono: successfully reloaded assembly
- Completed reload, in  5.289 seconds
Domain Reload Profiling:
	ReloadAssembly (5299ms)
		BeginReloadAssembly (1027ms)
			ExecutionOrderSort (0ms)
			DisableScriptedObjects (34ms)
			BackupInstance (0ms)
			ReleaseScriptingObjects (1ms)
			CreateAndSetChildDomain (206ms)
		EndReloadAssembly (3598ms)
			LoadAssemblies (687ms)
			RebuildTransferFunctionScriptingTraits (0ms)
			SetupTypeCache (1363ms)
			ReleaseScriptCaches (11ms)
			RebuildScriptCaches (244ms)
			SetupLoadedEditorAssemblies (1363ms)
				LogAssemblyErrors (0ms)
				InitializePlatformSupportModulesInManaged (30ms)
				SetLoadedEditorAssemblies (2ms)
				RefreshPlugins (2ms)
				BeforeProcessingInitializeOnLoad (227ms)
				ProcessInitializeOnLoadAttributes (582ms)
				ProcessInitializeOnLoadMethodAttributes (494ms)
				AfterProcessingInitializeOnLoad (26ms)
				EditorAssembliesLoaded (1ms)
			ExecutionOrderSort2 (0ms)
			AwakeInstancesAfterBackupRestoration (27ms)
Platform modules already initialized, skipping
Refreshing native plugins compatible for Editor in 17.94 ms, found 2 plugins.
Preloading 0 native plugins for Editor in 0.00 ms.
Unloading 2429 Unused Serialized files (Serialized files now loaded: 0)
Unloading 52 unused Assets / (310.9 KB). Loaded Objects now: 2926.
Memory consumption went from 99.7 MB to 99.4 MB.
Total: 20.057400 ms (FindLiveObjects: 0.484000 ms CreateObjectMapping: 0.191000 ms MarkObjects: 19.203900 ms  DeleteObjects: 0.174900 ms)

AssetImportParameters requested are different than current active one (requested -> active):
  custom:video-decoder-ogg-theora: a1e56fd34408186e4bbccfd4996cb3dc -> 
  custom:container-muxer-webm: aa71ff27fc2769a1b78a27578f13a17b -> 
  custom:container-demuxer-webm: 4f35f7cbe854078d1ac9338744f61a02 -> 
  custom:video-encoder-webm-vp8: eb34c28f22e8b96e1ab97ce403110664 -> 
  custom:audio-encoder-webm-vorbis: bf7c407c2cedff20999df2af8eb42d56 -> 
  custom:framework-win-MediaFoundation: 216162199b28c13a410421893ffa2e32 -> 
  custom:container-demuxer-ogg: 62fdf1f143b41e24485cea50d1cbac27 -> 
  custom:video-decoder-webm-vp8: 9c59270c3fd7afecdb556c50c9e8de78 -> 
  custom:audio-decoder-ogg-vorbis: bf7c407c2cedff20999df2af8eb42d56 -> 
========================================================================
Received Prepare
Registering precompiled user dll's ...
Registered in 0.027471 seconds.
Begin MonoManager ReloadAssembly
Native extension for WindowsStandalone target not found
Native extension for WebGL target not found
Refreshing native plugins compatible for Editor in 5.38 ms, found 2 plugins.
Preloading 0 native plugins for Editor in 0.00 ms.
Cancelling DisplayDialogComplex: Mobile Dependency Resolver required Mediation requires Mobile Dependency Resolver to resolve native dependencies.
 Would you like to import the package?
This should not be called in batch mode.
UnityEngine.StackTraceUtility:ExtractStackTrace ()
UnityEditor.EditorUtility:DisplayDialogComplex (string,string,string,string,string)
MobileDependencyResolver.Installer.Editor.MobileDependencyResolverInstaller:AskUserToInstallPackage () (at Library/PackageCache/com.unity.services.mediation@1.0.5/MobileDependencyResolver/Editor/MobileDependencyResolverInstaller.cs:38)
MobileDependencyResolver.Installer.Editor.MobileDependencyResolverInstaller:InstallPlayServicesResolverIfNeeded () (at Library/PackageCache/com.unity.services.mediation@1.0.5/MobileDependencyResolver/Editor/MobileDependencyResolverInstaller.cs:23)
System.Reflection.RuntimeMethodInfo:Invoke (object,System.Reflection.BindingFlags,System.Reflection.Binder,object[],System.Globalization.CultureInfo)
System.Reflection.MethodBase:Invoke (object,object[])
UnityEditor.EditorAssemblies:ProcessInitializeOnLoadMethodAttributes ()

[Library/PackageCache/com.unity.services.mediation@1.0.5/MobileDependencyResolver/Editor/MobileDependencyResolverInstaller.cs line 38]

Mono: successfully reloaded assembly
- Completed reload, in 13.748 seconds
Domain Reload Profiling:
	ReloadAssembly (13762ms)
		BeginReloadAssembly (2429ms)
			ExecutionOrderSort (0ms)
			DisableScriptedObjects (86ms)
			BackupInstance (0ms)
			ReleaseScriptingObjects (2ms)
			CreateAndSetChildDomain (485ms)
		EndReloadAssembly (10162ms)
			LoadAssemblies (1689ms)
			RebuildTransferFunctionScriptingTraits (1ms)
			SetupTypeCache (2524ms)
			ReleaseScriptCaches (13ms)
			RebuildScriptCaches (532ms)
			SetupLoadedEditorAssemblies (5468ms)
				LogAssemblyErrors (0ms)
				InitializePlatformSupportModulesInManaged (93ms)
				SetLoadedEditorAssemblies (6ms)
				RefreshPlugins (7ms)
				BeforeProcessingInitializeOnLoad (719ms)
				ProcessInitializeOnLoadAttributes (1694ms)
				ProcessInitializeOnLoadMethodAttributes (2847ms)
				AfterProcessingInitializeOnLoad (100ms)
				EditorAssembliesLoaded (2ms)
			ExecutionOrderSort2 (0ms)
			AwakeInstancesAfterBackupRestoration (60ms)
Platform modules already initialized, skipping
Refreshing native plugins compatible for Editor in 43.92 ms, found 2 plugins.
Preloading 0 native plugins for Editor in 0.00 ms.
Unloading 2429 Unused Serialized files (Serialized files now loaded: 0)
Unloading 52 unused Assets / (311.0 KB). Loaded Objects now: 2929.
Memory consumption went from 99.7 MB to 99.4 MB.
Total: 27.639800 ms (FindLiveObjects: 0.848900 ms CreateObjectMapping: 0.471700 ms MarkObjects: 26.081200 ms  DeleteObjects: 0.233600 ms)

AssetImportParameters requested are different than current active one (requested -> active):
  custom:video-decoder-ogg-theora: a1e56fd34408186e4bbccfd4996cb3dc -> 
  custom:container-muxer-webm: aa71ff27fc2769a1b78a27578f13a17b -> 
  custom:container-demuxer-webm: 4f35f7cbe854078d1ac9338744f61a02 -> 
  custom:video-encoder-webm-vp8: eb34c28f22e8b96e1ab97ce403110664 -> 
  custom:audio-encoder-webm-vorbis: bf7c407c2cedff20999df2af8eb42d56 -> 
  custom:framework-win-MediaFoundation: 216162199b28c13a410421893ffa2e32 -> 
  custom:container-demuxer-ogg: 62fdf1f143b41e24485cea50d1cbac27 -> 
  custom:video-decoder-webm-vp8: 9c59270c3fd7afecdb556c50c9e8de78 -> 
  custom:audio-decoder-ogg-vorbis: bf7c407c2cedff20999df2af8eb42d56 -> 
========================================================================
Received Prepare
Registering precompiled user dll's ...
Registered in 0.014033 seconds.
Begin MonoManager ReloadAssembly
Native extension for WindowsStandalone target not found
Native extension for WebGL target not found
Refreshing native plugins compatible for Editor in 1.53 ms, found 2 plugins.
Preloading 0 native plugins for Editor in 0.00 ms.
Cancelling DisplayDialogComplex: Mobile Dependency Resolver required Mediation requires Mobile Dependency Resolver to resolve native dependencies.
 Would you like to import the package?
This should not be called in batch mode.
UnityEngine.StackTraceUtility:ExtractStackTrace ()
UnityEditor.EditorUtility:DisplayDialogComplex (string,string,string,string,string)
MobileDependencyResolver.Installer.Editor.MobileDependencyResolverInstaller:AskUserToInstallPackage () (at Library/PackageCache/com.unity.services.mediation@1.0.5/MobileDependencyResolver/Editor/MobileDependencyResolverInstaller.cs:38)
MobileDependencyResolver.Installer.Editor.MobileDependencyResolverInstaller:InstallPlayServicesResolverIfNeeded () (at Library/PackageCache/com.unity.services.mediation@1.0.5/MobileDependencyResolver/Editor/MobileDependencyResolverInstaller.cs:23)
System.Reflection.RuntimeMethodInfo:Invoke (object,System.Reflection.BindingFlags,System.Reflection.Binder,object[],System.Globalization.CultureInfo)
System.Reflection.MethodBase:Invoke (object,object[])
UnityEditor.EditorAssemblies:ProcessInitializeOnLoadMethodAttributes ()

[Library/PackageCache/com.unity.services.mediation@1.0.5/MobileDependencyResolver/Editor/MobileDependencyResolverInstaller.cs line 38]

Mono: successfully reloaded assembly
- Completed reload, in  4.552 seconds
Domain Reload Profiling:
	ReloadAssembly (4556ms)
		BeginReloadAssembly (837ms)
			ExecutionOrderSort (0ms)
			DisableScriptedObjects (56ms)
			BackupInstance (0ms)
			ReleaseScriptingObjects (0ms)
			CreateAndSetChildDomain (166ms)
		EndReloadAssembly (3115ms)
			LoadAssemblies (498ms)
			RebuildTransferFunctionScriptingTraits (0ms)
			SetupTypeCache (1130ms)
			ReleaseScriptCaches (3ms)
			RebuildScriptCaches (149ms)
			SetupLoadedEditorAssemblies (1399ms)
				LogAssemblyErrors (0ms)
				InitializePlatformSupportModulesInManaged (24ms)
				SetLoadedEditorAssemblies (2ms)
				RefreshPlugins (2ms)
				BeforeProcessingInitializeOnLoad (214ms)
				ProcessInitializeOnLoadAttributes (699ms)
				ProcessInitializeOnLoadMethodAttributes (433ms)
				AfterProcessingInitializeOnLoad (25ms)
				EditorAssembliesLoaded (1ms)
			ExecutionOrderSort2 (0ms)
			AwakeInstancesAfterBackupRestoration (18ms)
Platform modules already initialized, skipping
Refreshing native plugins compatible for Editor in 17.39 ms, found 2 plugins.
Preloading 0 native plugins for Editor in 0.00 ms.
Unloading 2429 Unused Serialized files (Serialized files now loaded: 0)
Unloading 52 unused Assets / (310.9 KB). Loaded Objects now: 2932.
Memory consumption went from 99.7 MB to 99.4 MB.
Total: 20.221400 ms (FindLiveObjects: 0.495100 ms CreateObjectMapping: 0.191400 ms MarkObjects: 19.324100 ms  DeleteObjects: 0.206900 ms)

AssetImportParameters requested are different than current active one (requested -> active):
  custom:video-decoder-ogg-theora: a1e56fd34408186e4bbccfd4996cb3dc -> 
  custom:container-muxer-webm: aa71ff27fc2769a1b78a27578f13a17b -> 
  custom:container-demuxer-webm: 4f35f7cbe854078d1ac9338744f61a02 -> 
  custom:video-encoder-webm-vp8: eb34c28f22e8b96e1ab97ce403110664 -> 
  custom:audio-encoder-webm-vorbis: bf7c407c2cedff20999df2af8eb42d56 -> 
  custom:framework-win-MediaFoundation: 216162199b28c13a410421893ffa2e32 -> 
  custom:container-demuxer-ogg: 62fdf1f143b41e24485cea50d1cbac27 -> 
  custom:video-decoder-webm-vp8: 9c59270c3fd7afecdb556c50c9e8de78 -> 
  custom:audio-decoder-ogg-vorbis: bf7c407c2cedff20999df2af8eb42d56 -> 
========================================================================
Received Prepare
Registering precompiled user dll's ...
Registered in 0.018800 seconds.
Begin MonoManager ReloadAssembly
Native extension for WindowsStandalone target not found
Native extension for WebGL target not found
Refreshing native plugins compatible for Editor in 2.52 ms, found 2 plugins.
Preloading 0 native plugins for Editor in 0.00 ms.
Cancelling DisplayDialogComplex: Mobile Dependency Resolver required Mediation requires Mobile Dependency Resolver to resolve native dependencies.
 Would you like to import the package?
This should not be called in batch mode.
UnityEngine.StackTraceUtility:ExtractStackTrace ()
UnityEditor.EditorUtility:DisplayDialogComplex (string,string,string,string,string)
MobileDependencyResolver.Installer.Editor.MobileDependencyResolverInstaller:AskUserToInstallPackage () (at Library/PackageCache/com.unity.services.mediation@1.0.5/MobileDependencyResolver/Editor/MobileDependencyResolverInstaller.cs:38)
MobileDependencyResolver.Installer.Editor.MobileDependencyResolverInstaller:InstallPlayServicesResolverIfNeeded () (at Library/PackageCache/com.unity.services.mediation@1.0.5/MobileDependencyResolver/Editor/MobileDependencyResolverInstaller.cs:23)
System.Reflection.RuntimeMethodInfo:Invoke (object,System.Reflection.BindingFlags,System.Reflection.Binder,object[],System.Globalization.CultureInfo)
System.Reflection.MethodBase:Invoke (object,object[])
UnityEditor.EditorAssemblies:ProcessInitializeOnLoadMethodAttributes ()

[Library/PackageCache/com.unity.services.mediation@1.0.5/MobileDependencyResolver/Editor/MobileDependencyResolverInstaller.cs line 38]

Mono: successfully reloaded assembly
- Completed reload, in  5.731 seconds
Domain Reload Profiling:
	ReloadAssembly (5734ms)
		BeginReloadAssembly (826ms)
			ExecutionOrderSort (0ms)
			DisableScriptedObjects (27ms)
			BackupInstance (0ms)
			ReleaseScriptingObjects (0ms)
			CreateAndSetChildDomain (105ms)
		EndReloadAssembly (4461ms)
			LoadAssemblies (647ms)
			RebuildTransferFunctionScriptingTraits (0ms)
			SetupTypeCache (986ms)
			ReleaseScriptCaches (3ms)
			RebuildScriptCaches (156ms)
			SetupLoadedEditorAssemblies (2630ms)
				LogAssemblyErrors (0ms)
				InitializePlatformSupportModulesInManaged (53ms)
				SetLoadedEditorAssemblies (3ms)
				RefreshPlugins (3ms)
				BeforeProcessingInitializeOnLoad (432ms)
				ProcessInitializeOnLoadAttributes (1429ms)
				ProcessInitializeOnLoadMethodAttributes (682ms)
				AfterProcessingInitializeOnLoad (28ms)
				EditorAssembliesLoaded (1ms)
			ExecutionOrderSort2 (0ms)
			AwakeInstancesAfterBackupRestoration (18ms)
Platform modules already initialized, skipping
Refreshing native plugins compatible for Editor in 21.60 ms, found 2 plugins.
Preloading 0 native plugins for Editor in 0.00 ms.
Unloading 2429 Unused Serialized files (Serialized files now loaded: 0)
Unloading 52 unused Assets / (310.9 KB). Loaded Objects now: 2935.
Memory consumption went from 99.7 MB to 99.4 MB.
Total: 51.032300 ms (FindLiveObjects: 0.961700 ms CreateObjectMapping: 0.364600 ms MarkObjects: 49.223500 ms  DeleteObjects: 0.459600 ms)

AssetImportParameters requested are different than current active one (requested -> active):
  custom:video-decoder-ogg-theora: a1e56fd34408186e4bbccfd4996cb3dc -> 
  custom:container-muxer-webm: aa71ff27fc2769a1b78a27578f13a17b -> 
  custom:container-demuxer-webm: 4f35f7cbe854078d1ac9338744f61a02 -> 
  custom:video-encoder-webm-vp8: eb34c28f22e8b96e1ab97ce403110664 -> 
  custom:audio-encoder-webm-vorbis: bf7c407c2cedff20999df2af8eb42d56 -> 
  custom:framework-win-MediaFoundation: 216162199b28c13a410421893ffa2e32 -> 
  custom:container-demuxer-ogg: 62fdf1f143b41e24485cea50d1cbac27 -> 
  custom:video-decoder-webm-vp8: 9c59270c3fd7afecdb556c50c9e8de78 -> 
  custom:audio-decoder-ogg-vorbis: bf7c407c2cedff20999df2af8eb42d56 -> 
========================================================================
Received Import Request.
  Time since last request: 271.095341 seconds.
  path: Assets/Scripts/TankView.cs
  artifactKey: Guid(78b48bd809a4d114c987189eb36d3a7b) Importer(815301076,1909f56bfc062723c751e8b465ee728b)
Start importing Assets/Scripts/TankView.cs using Guid(78b48bd809a4d114c987189eb36d3a7b) Importer(815301076,1909f56bfc062723c751e8b465ee728b)  -> (artifact id: 'df88bab3ffc8b9402f3bf3da1751d010') in 0.073395 seconds 
========================================================================
Received Import Request.
  Time since last request: 9.953835 seconds.
  path: Assets/Prefabs/Tank.prefab
  artifactKey: Guid(8e9872e5be20ef44cb274165d07288e3) Importer(815301076,1909f56bfc062723c751e8b465ee728b)
Start importing Assets/Prefabs/Tank.prefab using Guid(8e9872e5be20ef44cb274165d07288e3) Importer(815301076,1909f56bfc062723c751e8b465ee728b)  -> (artifact id: '92274ca0f12f06295da4bc5c0518385c') in 0.260344 seconds 
========================================================================
Received Prepare
Registering precompiled user dll's ...
Registered in 0.010344 seconds.
Begin MonoManager ReloadAssembly
Native extension for WindowsStandalone target not found
Native extension for WebGL target not found
Refreshing native plugins compatible for Editor in 1.50 ms, found 2 plugins.
Preloading 0 native plugins for Editor in 0.00 ms.
Cancelling DisplayDialogComplex: Mobile Dependency Resolver required Mediation requires Mobile Dependency Resolver to resolve native dependencies.
 Would you like to import the package?
This should not be called in batch mode.
UnityEngine.StackTraceUtility:ExtractStackTrace ()
UnityEditor.EditorUtility:DisplayDialogComplex (string,string,string,string,string)
MobileDependencyResolver.Installer.Editor.MobileDependencyResolverInstaller:AskUserToInstallPackage () (at Library/PackageCache/com.unity.services.mediation@1.0.5/MobileDependencyResolver/Editor/MobileDependencyResolverInstaller.cs:38)
MobileDependencyResolver.Installer.Editor.MobileDependencyResolverInstaller:InstallPlayServicesResolverIfNeeded () (at Library/PackageCache/com.unity.services.mediation@1.0.5/MobileDependencyResolver/Editor/MobileDependencyResolverInstaller.cs:23)
System.Reflection.RuntimeMethodInfo:Invoke (object,System.Reflection.BindingFlags,System.Reflection.Binder,object[],System.Globalization.CultureInfo)
System.Reflection.MethodBase:Invoke (object,object[])
UnityEditor.EditorAssemblies:ProcessInitializeOnLoadMethodAttributes ()

[Library/PackageCache/com.unity.services.mediation@1.0.5/MobileDependencyResolver/Editor/MobileDependencyResolverInstaller.cs line 38]

Mono: successfully reloaded assembly
- Completed reload, in  3.391 seconds
Domain Reload Profiling:
	ReloadAssembly (3392ms)
		BeginReloadAssembly (422ms)
			ExecutionOrderSort (0ms)
			DisableScriptedObjects (20ms)
			BackupInstance (0ms)
			ReleaseScriptingObjects (0ms)
			CreateAndSetChildDomain (91ms)
		EndReloadAssembly (2719ms)
			LoadAssemblies (274ms)
			RebuildTransferFunctionScriptingTraits (0ms)
			SetupTypeCache (619ms)
			ReleaseScriptCaches (3ms)
			RebuildScriptCaches (194ms)
			SetupLoadedEditorAssemblies (1381ms)
				LogAssemblyErrors (0ms)
				InitializePlatformSupportModulesInManaged (25ms)
				SetLoadedEditorAssemblies (1ms)
				RefreshPlugins (2ms)
				BeforeProcessingInitializeOnLoad (263ms)
				ProcessInitializeOnLoadAttributes (682ms)
				ProcessInitializeOnLoadMethodAttributes (388ms)
				AfterProcessingInitializeOnLoad (19ms)
				EditorAssembliesLoaded (1ms)
			ExecutionOrderSort2 (0ms)
			AwakeInstancesAfterBackupRestoration (12ms)
Platform modules already initialized, skipping
Refreshing native plugins compatible for Editor in 9.40 ms, found 2 plugins.
Preloading 0 native plugins for Editor in 0.00 ms.
Unloading 2429 Unused Serialized files (Serialized files now loaded: 0)
Unloading 52 unused Assets / (310.7 KB). Loaded Objects now: 2938.
Memory consumption went from 99.7 MB to 99.4 MB.
Total: 14.176500 ms (FindLiveObjects: 0.414400 ms CreateObjectMapping: 0.142500 ms MarkObjects: 13.489700 ms  DeleteObjects: 0.127800 ms)

AssetImportParameters requested are different than current active one (requested -> active):
  custom:video-decoder-ogg-theora: a1e56fd34408186e4bbccfd4996cb3dc -> 
  custom:container-muxer-webm: aa71ff27fc2769a1b78a27578f13a17b -> 
  custom:container-demuxer-webm: 4f35f7cbe854078d1ac9338744f61a02 -> 
  custom:video-encoder-webm-vp8: eb34c28f22e8b96e1ab97ce403110664 -> 
  custom:audio-encoder-webm-vorbis: bf7c407c2cedff20999df2af8eb42d56 -> 
  custom:framework-win-MediaFoundation: 216162199b28c13a410421893ffa2e32 -> 
  custom:container-demuxer-ogg: 62fdf1f143b41e24485cea50d1cbac27 -> 
  custom:video-decoder-webm-vp8: 9c59270c3fd7afecdb556c50c9e8de78 -> 
  custom:audio-decoder-ogg-vorbis: bf7c407c2cedff20999df2af8eb42d56 -> 
========================================================================
Received Prepare
Registering precompiled user dll's ...
Registered in 0.015376 seconds.
Begin MonoManager ReloadAssembly
Native extension for WindowsStandalone target not found
Native extension for WebGL target not found
Refreshing native plugins compatible for Editor in 1.54 ms, found 2 plugins.
Preloading 0 native plugins for Editor in 0.00 ms.
Cancelling DisplayDialogComplex: Mobile Dependency Resolver required Mediation requires Mobile Dependency Resolver to resolve native dependencies.
 Would you like to import the package?
This should not be called in batch mode.
UnityEngine.StackTraceUtility:ExtractStackTrace ()
UnityEditor.EditorUtility:DisplayDialogComplex (string,string,string,string,string)
MobileDependencyResolver.Installer.Editor.MobileDependencyResolverInstaller:AskUserToInstallPackage () (at Library/PackageCache/com.unity.services.mediation@1.0.5/MobileDependencyResolver/Editor/MobileDependencyResolverInstaller.cs:38)
MobileDependencyResolver.Installer.Editor.MobileDependencyResolverInstaller:InstallPlayServicesResolverIfNeeded () (at Library/PackageCache/com.unity.services.mediation@1.0.5/MobileDependencyResolver/Editor/MobileDependencyResolverInstaller.cs:23)
System.Reflection.RuntimeMethodInfo:Invoke (object,System.Reflection.BindingFlags,System.Reflection.Binder,object[],System.Globalization.CultureInfo)
System.Reflection.MethodBase:Invoke (object,object[])
UnityEditor.EditorAssemblies:ProcessInitializeOnLoadMethodAttributes ()

[Library/PackageCache/com.unity.services.mediation@1.0.5/MobileDependencyResolver/Editor/MobileDependencyResolverInstaller.cs line 38]

Mono: successfully reloaded assembly
- Completed reload, in  3.490 seconds
Domain Reload Profiling:
	ReloadAssembly (3493ms)
		BeginReloadAssembly (597ms)
			ExecutionOrderSort (0ms)
			DisableScriptedObjects (45ms)
			BackupInstance (0ms)
			ReleaseScriptingObjects (0ms)
			CreateAndSetChildDomain (113ms)
		EndReloadAssembly (2561ms)
			LoadAssemblies (341ms)
			RebuildTransferFunctionScriptingTraits (0ms)
			SetupTypeCache (842ms)
			ReleaseScriptCaches (2ms)
			RebuildScriptCaches (122ms)
			SetupLoadedEditorAssemblies (1245ms)
				LogAssemblyErrors (0ms)
				InitializePlatformSupportModulesInManaged (23ms)
				SetLoadedEditorAssemblies (1ms)
				RefreshPlugins (2ms)
				BeforeProcessingInitializeOnLoad (175ms)
				ProcessInitializeOnLoadAttributes (620ms)
				ProcessInitializeOnLoadMethodAttributes (401ms)
				AfterProcessingInitializeOnLoad (22ms)
				EditorAssembliesLoaded (1ms)
			ExecutionOrderSort2 (0ms)
			AwakeInstancesAfterBackupRestoration (14ms)
Platform modules already initialized, skipping
Refreshing native plugins compatible for Editor in 19.35 ms, found 2 plugins.
Preloading 0 native plugins for Editor in 0.00 ms.
Unloading 2429 Unused Serialized files (Serialized files now loaded: 0)
Unloading 52 unused Assets / (310.9 KB). Loaded Objects now: 2941.
Memory consumption went from 99.8 MB to 99.5 MB.
Total: 25.393200 ms (FindLiveObjects: 0.690900 ms CreateObjectMapping: 0.291900 ms MarkObjects: 24.227200 ms  DeleteObjects: 0.178500 ms)

AssetImportParameters requested are different than current active one (requested -> active):
  custom:video-decoder-ogg-theora: a1e56fd34408186e4bbccfd4996cb3dc -> 
  custom:container-muxer-webm: aa71ff27fc2769a1b78a27578f13a17b -> 
  custom:container-demuxer-webm: 4f35f7cbe854078d1ac9338744f61a02 -> 
  custom:video-encoder-webm-vp8: eb34c28f22e8b96e1ab97ce403110664 -> 
  custom:audio-encoder-webm-vorbis: bf7c407c2cedff20999df2af8eb42d56 -> 
  custom:framework-win-MediaFoundation: 216162199b28c13a410421893ffa2e32 -> 
  custom:container-demuxer-ogg: 62fdf1f143b41e24485cea50d1cbac27 -> 
  custom:video-decoder-webm-vp8: 9c59270c3fd7afecdb556c50c9e8de78 -> 
  custom:audio-decoder-ogg-vorbis: bf7c407c2cedff20999df2af8eb42d56 -> 
========================================================================
Received Prepare
Registering precompiled user dll's ...
Registered in 0.013784 seconds.
Begin MonoManager ReloadAssembly
Native extension for WindowsStandalone target not found
Native extension for WebGL target not found
Refreshing native plugins compatible for Editor in 1.81 ms, found 2 plugins.
Preloading 0 native plugins for Editor in 0.00 ms.
Cancelling DisplayDialogComplex: Mobile Dependency Resolver required Mediation requires Mobile Dependency Resolver to resolve native dependencies.
 Would you like to import the package?
This should not be called in batch mode.
UnityEngine.StackTraceUtility:ExtractStackTrace ()
UnityEditor.EditorUtility:DisplayDialogComplex (string,string,string,string,string)
MobileDependencyResolver.Installer.Editor.MobileDependencyResolverInstaller:AskUserToInstallPackage () (at Library/PackageCache/com.unity.services.mediation@1.0.5/MobileDependencyResolver/Editor/MobileDependencyResolverInstaller.cs:38)
MobileDependencyResolver.Installer.Editor.MobileDependencyResolverInstaller:InstallPlayServicesResolverIfNeeded () (at Library/PackageCache/com.unity.services.mediation@1.0.5/MobileDependencyResolver/Editor/MobileDependencyResolverInstaller.cs:23)
System.Reflection.RuntimeMethodInfo:Invoke (object,System.Reflection.BindingFlags,System.Reflection.Binder,object[],System.Globalization.CultureInfo)
System.Reflection.MethodBase:Invoke (object,object[])
UnityEditor.EditorAssemblies:ProcessInitializeOnLoadMethodAttributes ()

[Library/PackageCache/com.unity.services.mediation@1.0.5/MobileDependencyResolver/Editor/MobileDependencyResolverInstaller.cs line 38]

Mono: successfully reloaded assembly
- Completed reload, in  9.144 seconds
Domain Reload Profiling:
	ReloadAssembly (9149ms)
		BeginReloadAssembly (1512ms)
			ExecutionOrderSort (0ms)
			DisableScriptedObjects (51ms)
			BackupInstance (0ms)
			ReleaseScriptingObjects (0ms)
			CreateAndSetChildDomain (394ms)
		EndReloadAssembly (6504ms)
			LoadAssemblies (1105ms)
			RebuildTransferFunctionScriptingTraits (0ms)
			SetupTypeCache (1733ms)
			ReleaseScriptCaches (11ms)
			RebuildScriptCaches (539ms)
			SetupLoadedEditorAssemblies (2998ms)
				LogAssemblyErrors (0ms)
				InitializePlatformSupportModulesInManaged (34ms)
				SetLoadedEditorAssemblies (2ms)
				RefreshPlugins (2ms)
				BeforeProcessingInitializeOnLoad (653ms)
				ProcessInitializeOnLoadAttributes (1207ms)
				ProcessInitializeOnLoadMethodAttributes (1003ms)
				AfterProcessingInitializeOnLoad (95ms)
				EditorAssembliesLoaded (2ms)
			ExecutionOrderSort2 (0ms)
			AwakeInstancesAfterBackupRestoration (40ms)
Platform modules already initialized, skipping
Refreshing native plugins compatible for Editor in 33.44 ms, found 2 plugins.
Preloading 0 native plugins for Editor in 0.00 ms.
Unloading 2429 Unused Serialized files (Serialized files now loaded: 0)
Unloading 52 unused Assets / (310.8 KB). Loaded Objects now: 2944.
Memory consumption went from 99.8 MB to 99.5 MB.
Total: 62.572700 ms (FindLiveObjects: 1.596500 ms CreateObjectMapping: 0.891400 ms MarkObjects: 59.743900 ms  DeleteObjects: 0.336500 ms)

AssetImportParameters requested are different than current active one (requested -> active):
  custom:video-decoder-ogg-theora: a1e56fd34408186e4bbccfd4996cb3dc -> 
  custom:container-muxer-webm: aa71ff27fc2769a1b78a27578f13a17b -> 
  custom:container-demuxer-webm: 4f35f7cbe854078d1ac9338744f61a02 -> 
  custom:video-encoder-webm-vp8: eb34c28f22e8b96e1ab97ce403110664 -> 
  custom:audio-encoder-webm-vorbis: bf7c407c2cedff20999df2af8eb42d56 -> 
  custom:framework-win-MediaFoundation: 216162199b28c13a410421893ffa2e32 -> 
  custom:container-demuxer-ogg: 62fdf1f143b41e24485cea50d1cbac27 -> 
  custom:video-decoder-webm-vp8: 9c59270c3fd7afecdb556c50c9e8de78 -> 
  custom:audio-decoder-ogg-vorbis: bf7c407c2cedff20999df2af8eb42d56 -> 
========================================================================
Received Prepare
Registering precompiled user dll's ...
Registered in 0.015618 seconds.
Begin MonoManager ReloadAssembly
Native extension for WindowsStandalone target not found
Native extension for WebGL target not found
Refreshing native plugins compatible for Editor in 1.88 ms, found 2 plugins.
Preloading 0 native plugins for Editor in 0.00 ms.
Cancelling DisplayDialogComplex: Mobile Dependency Resolver required Mediation requires Mobile Dependency Resolver to resolve native dependencies.
 Would you like to import the package?
This should not be called in batch mode.
UnityEngine.StackTraceUtility:ExtractStackTrace ()
UnityEditor.EditorUtility:DisplayDialogComplex (string,string,string,string,string)
MobileDependencyResolver.Installer.Editor.MobileDependencyResolverInstaller:AskUserToInstallPackage () (at Library/PackageCache/com.unity.services.mediation@1.0.5/MobileDependencyResolver/Editor/MobileDependencyResolverInstaller.cs:38)
MobileDependencyResolver.Installer.Editor.MobileDependencyResolverInstaller:InstallPlayServicesResolverIfNeeded () (at Library/PackageCache/com.unity.services.mediation@1.0.5/MobileDependencyResolver/Editor/MobileDependencyResolverInstaller.cs:23)
System.Reflection.RuntimeMethodInfo:Invoke (object,System.Reflection.BindingFlags,System.Reflection.Binder,object[],System.Globalization.CultureInfo)
System.Reflection.MethodBase:Invoke (object,object[])
UnityEditor.EditorAssemblies:ProcessInitializeOnLoadMethodAttributes ()

[Library/PackageCache/com.unity.services.mediation@1.0.5/MobileDependencyResolver/Editor/MobileDependencyResolverInstaller.cs line 38]

Mono: successfully reloaded assembly
- Completed reload, in  4.040 seconds
Domain Reload Profiling:
	ReloadAssembly (4042ms)
		BeginReloadAssembly (728ms)
			ExecutionOrderSort (0ms)
			DisableScriptedObjects (31ms)
			BackupInstance (0ms)
			ReleaseScriptingObjects (0ms)
			CreateAndSetChildDomain (193ms)
		EndReloadAssembly (2899ms)
			LoadAssemblies (417ms)
			RebuildTransferFunctionScriptingTraits (0ms)
			SetupTypeCache (818ms)
			ReleaseScriptCaches (11ms)
			RebuildScriptCaches (254ms)
			SetupLoadedEditorAssemblies (1401ms)
				LogAssemblyErrors (0ms)
				InitializePlatformSupportModulesInManaged (31ms)
				SetLoadedEditorAssemblies (2ms)
				RefreshPlugins (2ms)
				BeforeProcessingInitializeOnLoad (194ms)
				ProcessInitializeOnLoadAttributes (690ms)
				ProcessInitializeOnLoadMethodAttributes (451ms)
				AfterProcessingInitializeOnLoad (30ms)
				EditorAssembliesLoaded (1ms)
			ExecutionOrderSort2 (0ms)
			AwakeInstancesAfterBackupRestoration (20ms)
Platform modules already initialized, skipping
Refreshing native plugins compatible for Editor in 17.26 ms, found 2 plugins.
Preloading 0 native plugins for Editor in 0.00 ms.
Unloading 2429 Unused Serialized files (Serialized files now loaded: 0)
Unloading 52 unused Assets / (310.5 KB). Loaded Objects now: 2947.
Memory consumption went from 99.8 MB to 99.5 MB.
Total: 25.630400 ms (FindLiveObjects: 0.878500 ms CreateObjectMapping: 0.301800 ms MarkObjects: 24.257000 ms  DeleteObjects: 0.190000 ms)

AssetImportParameters requested are different than current active one (requested -> active):
  custom:video-decoder-ogg-theora: a1e56fd34408186e4bbccfd4996cb3dc -> 
  custom:container-muxer-webm: aa71ff27fc2769a1b78a27578f13a17b -> 
  custom:container-demuxer-webm: 4f35f7cbe854078d1ac9338744f61a02 -> 
  custom:video-encoder-webm-vp8: eb34c28f22e8b96e1ab97ce403110664 -> 
  custom:audio-encoder-webm-vorbis: bf7c407c2cedff20999df2af8eb42d56 -> 
  custom:framework-win-MediaFoundation: 216162199b28c13a410421893ffa2e32 -> 
  custom:container-demuxer-ogg: 62fdf1f143b41e24485cea50d1cbac27 -> 
  custom:video-decoder-webm-vp8: 9c59270c3fd7afecdb556c50c9e8de78 -> 
  custom:audio-decoder-ogg-vorbis: bf7c407c2cedff20999df2af8eb42d56 -> 
========================================================================
Received Prepare
Registering precompiled user dll's ...
Registered in 0.020137 seconds.
Begin MonoManager ReloadAssembly
Native extension for WindowsStandalone target not found
Native extension for WebGL target not found
Refreshing native plugins compatible for Editor in 2.10 ms, found 2 plugins.
Preloading 0 native plugins for Editor in 0.00 ms.
Cancelling DisplayDialogComplex: Mobile Dependency Resolver required Mediation requires Mobile Dependency Resolver to resolve native dependencies.
 Would you like to import the package?
This should not be called in batch mode.
UnityEngine.StackTraceUtility:ExtractStackTrace ()
UnityEditor.EditorUtility:DisplayDialogComplex (string,string,string,string,string)
MobileDependencyResolver.Installer.Editor.MobileDependencyResolverInstaller:AskUserToInstallPackage () (at Library/PackageCache/com.unity.services.mediation@1.0.5/MobileDependencyResolver/Editor/MobileDependencyResolverInstaller.cs:38)
MobileDependencyResolver.Installer.Editor.MobileDependencyResolverInstaller:InstallPlayServicesResolverIfNeeded () (at Library/PackageCache/com.unity.services.mediation@1.0.5/MobileDependencyResolver/Editor/MobileDependencyResolverInstaller.cs:23)
System.Reflection.RuntimeMethodInfo:Invoke (object,System.Reflection.BindingFlags,System.Reflection.Binder,object[],System.Globalization.CultureInfo)
System.Reflection.MethodBase:Invoke (object,object[])
UnityEditor.EditorAssemblies:ProcessInitializeOnLoadMethodAttributes ()

[Library/PackageCache/com.unity.services.mediation@1.0.5/MobileDependencyResolver/Editor/MobileDependencyResolverInstaller.cs line 38]

Mono: successfully reloaded assembly
- Completed reload, in  6.727 seconds
Domain Reload Profiling:
	ReloadAssembly (6733ms)
		BeginReloadAssembly (1013ms)
			ExecutionOrderSort (0ms)
			DisableScriptedObjects (62ms)
			BackupInstance (0ms)
			ReleaseScriptingObjects (0ms)
			CreateAndSetChildDomain (176ms)
		EndReloadAssembly (4954ms)
			LoadAssemblies (648ms)
			RebuildTransferFunctionScriptingTraits (0ms)
			SetupTypeCache (1285ms)
			ReleaseScriptCaches (6ms)
			RebuildScriptCaches (251ms)
			SetupLoadedEditorAssemblies (2659ms)
				LogAssemblyErrors (0ms)
				InitializePlatformSupportModulesInManaged (46ms)
				SetLoadedEditorAssemblies (2ms)
				RefreshPlugins (2ms)
				BeforeProcessingInitializeOnLoad (446ms)
				ProcessInitializeOnLoadAttributes (1256ms)
				ProcessInitializeOnLoadMethodAttributes (866ms)
				AfterProcessingInitializeOnLoad (39ms)
				EditorAssembliesLoaded (1ms)
			ExecutionOrderSort2 (0ms)
			AwakeInstancesAfterBackupRestoration (31ms)
Platform modules already initialized, skipping
Refreshing native plugins compatible for Editor in 45.21 ms, found 2 plugins.
Preloading 0 native plugins for Editor in 0.00 ms.
Unloading 2429 Unused Serialized files (Serialized files now loaded: 0)
Unloading 52 unused Assets / (310.6 KB). Loaded Objects now: 2950.
Memory consumption went from 99.8 MB to 99.5 MB.
Total: 32.725200 ms (FindLiveObjects: 0.766600 ms CreateObjectMapping: 0.280300 ms MarkObjects: 31.322000 ms  DeleteObjects: 0.351800 ms)

AssetImportParameters requested are different than current active one (requested -> active):
  custom:video-decoder-ogg-theora: a1e56fd34408186e4bbccfd4996cb3dc -> 
  custom:container-muxer-webm: aa71ff27fc2769a1b78a27578f13a17b -> 
  custom:container-demuxer-webm: 4f35f7cbe854078d1ac9338744f61a02 -> 
  custom:video-encoder-webm-vp8: eb34c28f22e8b96e1ab97ce403110664 -> 
  custom:audio-encoder-webm-vorbis: bf7c407c2cedff20999df2af8eb42d56 -> 
  custom:framework-win-MediaFoundation: 216162199b28c13a410421893ffa2e32 -> 
  custom:container-demuxer-ogg: 62fdf1f143b41e24485cea50d1cbac27 -> 
  custom:video-decoder-webm-vp8: 9c59270c3fd7afecdb556c50c9e8de78 -> 
  custom:audio-decoder-ogg-vorbis: bf7c407c2cedff20999df2af8eb42d56 -> 
========================================================================
Received Prepare
Registering precompiled user dll's ...
Registered in 0.008886 seconds.
Begin MonoManager ReloadAssembly
Native extension for WindowsStandalone target not found
Native extension for WebGL target not found
Refreshing native plugins compatible for Editor in 1.15 ms, found 2 plugins.
Preloading 0 native plugins for Editor in 0.00 ms.
Cancelling DisplayDialogComplex: Mobile Dependency Resolver required Mediation requires Mobile Dependency Resolver to resolve native dependencies.
 Would you like to import the package?
This should not be called in batch mode.
UnityEngine.StackTraceUtility:ExtractStackTrace ()
UnityEditor.EditorUtility:DisplayDialogComplex (string,string,string,string,string)
MobileDependencyResolver.Installer.Editor.MobileDependencyResolverInstaller:AskUserToInstallPackage () (at Library/PackageCache/com.unity.services.mediation@1.0.5/MobileDependencyResolver/Editor/MobileDependencyResolverInstaller.cs:38)
MobileDependencyResolver.Installer.Editor.MobileDependencyResolverInstaller:InstallPlayServicesResolverIfNeeded () (at Library/PackageCache/com.unity.services.mediation@1.0.5/MobileDependencyResolver/Editor/MobileDependencyResolverInstaller.cs:23)
System.Reflection.RuntimeMethodInfo:Invoke (object,System.Reflection.BindingFlags,System.Reflection.Binder,object[],System.Globalization.CultureInfo)
System.Reflection.MethodBase:Invoke (object,object[])
UnityEditor.EditorAssemblies:ProcessInitializeOnLoadMethodAttributes ()

[Library/PackageCache/com.unity.services.mediation@1.0.5/MobileDependencyResolver/Editor/MobileDependencyResolverInstaller.cs line 38]

Mono: successfully reloaded assembly
- Completed reload, in  2.887 seconds
Domain Reload Profiling:
	ReloadAssembly (2889ms)
		BeginReloadAssembly (346ms)
			ExecutionOrderSort (0ms)
			DisableScriptedObjects (16ms)
			BackupInstance (0ms)
			ReleaseScriptingObjects (0ms)
			CreateAndSetChildDomain (78ms)
		EndReloadAssembly (2287ms)
			LoadAssemblies (241ms)
			RebuildTransferFunctionScriptingTraits (0ms)
			SetupTypeCache (515ms)
			ReleaseScriptCaches (3ms)
			RebuildScriptCaches (126ms)
			SetupLoadedEditorAssemblies (1308ms)
				LogAssemblyErrors (0ms)
				InitializePlatformSupportModulesInManaged (15ms)
				SetLoadedEditorAssemblies (1ms)
				RefreshPlugins (1ms)
				BeforeProcessingInitializeOnLoad (194ms)
				ProcessInitializeOnLoadAttributes (603ms)
				ProcessInitializeOnLoadMethodAttributes (456ms)
				AfterProcessingInitializeOnLoad (36ms)
				EditorAssembliesLoaded (1ms)
			ExecutionOrderSort2 (0ms)
			AwakeInstancesAfterBackupRestoration (21ms)
Platform modules already initialized, skipping
Refreshing native plugins compatible for Editor in 11.92 ms, found 2 plugins.
Preloading 0 native plugins for Editor in 0.00 ms.
Unloading 2429 Unused Serialized files (Serialized files now loaded: 0)
Unloading 52 unused Assets / (311.0 KB). Loaded Objects now: 2953.
Memory consumption went from 99.8 MB to 99.5 MB.
Total: 16.254400 ms (FindLiveObjects: 0.548600 ms CreateObjectMapping: 0.316500 ms MarkObjects: 15.242400 ms  DeleteObjects: 0.143900 ms)

AssetImportParameters requested are different than current active one (requested -> active):
  custom:video-decoder-ogg-theora: a1e56fd34408186e4bbccfd4996cb3dc -> 
  custom:container-muxer-webm: aa71ff27fc2769a1b78a27578f13a17b -> 
  custom:container-demuxer-webm: 4f35f7cbe854078d1ac9338744f61a02 -> 
  custom:video-encoder-webm-vp8: eb34c28f22e8b96e1ab97ce403110664 -> 
  custom:audio-encoder-webm-vorbis: bf7c407c2cedff20999df2af8eb42d56 -> 
  custom:framework-win-MediaFoundation: 216162199b28c13a410421893ffa2e32 -> 
  custom:container-demuxer-ogg: 62fdf1f143b41e24485cea50d1cbac27 -> 
  custom:video-decoder-webm-vp8: 9c59270c3fd7afecdb556c50c9e8de78 -> 
  custom:audio-decoder-ogg-vorbis: bf7c407c2cedff20999df2af8eb42d56 -> 
========================================================================
Received Prepare
Registering precompiled user dll's ...
Registered in 0.004200 seconds.
Begin MonoManager ReloadAssembly
Native extension for WindowsStandalone target not found
Native extension for WebGL target not found
Refreshing native plugins compatible for Editor in 1.10 ms, found 2 plugins.
Preloading 0 native plugins for Editor in 0.00 ms.
Cancelling DisplayDialogComplex: Mobile Dependency Resolver required Mediation requires Mobile Dependency Resolver to resolve native dependencies.
 Would you like to import the package?
This should not be called in batch mode.
UnityEngine.StackTraceUtility:ExtractStackTrace ()
UnityEditor.EditorUtility:DisplayDialogComplex (string,string,string,string,string)
MobileDependencyResolver.Installer.Editor.MobileDependencyResolverInstaller:AskUserToInstallPackage () (at Library/PackageCache/com.unity.services.mediation@1.0.5/MobileDependencyResolver/Editor/MobileDependencyResolverInstaller.cs:38)
MobileDependencyResolver.Installer.Editor.MobileDependencyResolverInstaller:InstallPlayServicesResolverIfNeeded () (at Library/PackageCache/com.unity.services.mediation@1.0.5/MobileDependencyResolver/Editor/MobileDependencyResolverInstaller.cs:23)
System.Reflection.RuntimeMethodInfo:Invoke (object,System.Reflection.BindingFlags,System.Reflection.Binder,object[],System.Globalization.CultureInfo)
System.Reflection.MethodBase:Invoke (object,object[])
UnityEditor.EditorAssemblies:ProcessInitializeOnLoadMethodAttributes ()

[Library/PackageCache/com.unity.services.mediation@1.0.5/MobileDependencyResolver/Editor/MobileDependencyResolverInstaller.cs line 38]

Mono: successfully reloaded assembly
- Completed reload, in  1.924 seconds
Domain Reload Profiling:
	ReloadAssembly (1926ms)
		BeginReloadAssembly (302ms)
			ExecutionOrderSort (0ms)
			DisableScriptedObjects (13ms)
			BackupInstance (0ms)
			ReleaseScriptingObjects (0ms)
			CreateAndSetChildDomain (58ms)
		EndReloadAssembly (1382ms)
			LoadAssemblies (219ms)
			RebuildTransferFunctionScriptingTraits (0ms)
			SetupTypeCache (409ms)
			ReleaseScriptCaches (2ms)
			RebuildScriptCaches (65ms)
			SetupLoadedEditorAssemblies (690ms)
				LogAssemblyErrors (0ms)
				InitializePlatformSupportModulesInManaged (14ms)
				SetLoadedEditorAssemblies (1ms)
				RefreshPlugins (1ms)
				BeforeProcessingInitializeOnLoad (100ms)
				ProcessInitializeOnLoadAttributes (352ms)
				ProcessInitializeOnLoadMethodAttributes (205ms)
				AfterProcessingInitializeOnLoad (16ms)
				EditorAssembliesLoaded (0ms)
			ExecutionOrderSort2 (0ms)
			AwakeInstancesAfterBackupRestoration (10ms)
Platform modules already initialized, skipping
Refreshing native plugins compatible for Editor in 7.31 ms, found 2 plugins.
Preloading 0 native plugins for Editor in 0.00 ms.
Unloading 2429 Unused Serialized files (Serialized files now loaded: 0)
Unloading 52 unused Assets / (310.8 KB). Loaded Objects now: 2956.
Memory consumption went from 99.8 MB to 99.5 MB.
Total: 11.830900 ms (FindLiveObjects: 0.325700 ms CreateObjectMapping: 0.233700 ms MarkObjects: 11.079900 ms  DeleteObjects: 0.189100 ms)

AssetImportParameters requested are different than current active one (requested -> active):
  custom:video-decoder-ogg-theora: a1e56fd34408186e4bbccfd4996cb3dc -> 
  custom:container-muxer-webm: aa71ff27fc2769a1b78a27578f13a17b -> 
  custom:container-demuxer-webm: 4f35f7cbe854078d1ac9338744f61a02 -> 
  custom:video-encoder-webm-vp8: eb34c28f22e8b96e1ab97ce403110664 -> 
  custom:audio-encoder-webm-vorbis: bf7c407c2cedff20999df2af8eb42d56 -> 
  custom:framework-win-MediaFoundation: 216162199b28c13a410421893ffa2e32 -> 
  custom:container-demuxer-ogg: 62fdf1f143b41e24485cea50d1cbac27 -> 
  custom:video-decoder-webm-vp8: 9c59270c3fd7afecdb556c50c9e8de78 -> 
  custom:audio-decoder-ogg-vorbis: bf7c407c2cedff20999df2af8eb42d56 -> 
========================================================================
Received Prepare
Registering precompiled user dll's ...
Registered in 0.003981 seconds.
Begin MonoManager ReloadAssembly
Native extension for WindowsStandalone target not found
Native extension for WebGL target not found
Refreshing native plugins compatible for Editor in 1.29 ms, found 2 plugins.
Preloading 0 native plugins for Editor in 0.00 ms.
Cancelling DisplayDialogComplex: Mobile Dependency Resolver required Mediation requires Mobile Dependency Resolver to resolve native dependencies.
 Would you like to import the package?
This should not be called in batch mode.
UnityEngine.StackTraceUtility:ExtractStackTrace ()
UnityEditor.EditorUtility:DisplayDialogComplex (string,string,string,string,string)
MobileDependencyResolver.Installer.Editor.MobileDependencyResolverInstaller:AskUserToInstallPackage () (at Library/PackageCache/com.unity.services.mediation@1.0.5/MobileDependencyResolver/Editor/MobileDependencyResolverInstaller.cs:38)
MobileDependencyResolver.Installer.Editor.MobileDependencyResolverInstaller:InstallPlayServicesResolverIfNeeded () (at Library/PackageCache/com.unity.services.mediation@1.0.5/MobileDependencyResolver/Editor/MobileDependencyResolverInstaller.cs:23)
System.Reflection.RuntimeMethodInfo:Invoke (object,System.Reflection.BindingFlags,System.Reflection.Binder,object[],System.Globalization.CultureInfo)
System.Reflection.MethodBase:Invoke (object,object[])
UnityEditor.EditorAssemblies:ProcessInitializeOnLoadMethodAttributes ()

[Library/PackageCache/com.unity.services.mediation@1.0.5/MobileDependencyResolver/Editor/MobileDependencyResolverInstaller.cs line 38]

Mono: successfully reloaded assembly
- Completed reload, in  1.790 seconds
Domain Reload Profiling:
	ReloadAssembly (1791ms)
		BeginReloadAssembly (232ms)
			ExecutionOrderSort (0ms)
			DisableScriptedObjects (13ms)
			BackupInstance (0ms)
			ReleaseScriptingObjects (0ms)
			CreateAndSetChildDomain (43ms)
		EndReloadAssembly (1405ms)
			LoadAssemblies (149ms)
			RebuildTransferFunctionScriptingTraits (0ms)
			SetupTypeCache (425ms)
			ReleaseScriptCaches (2ms)
			RebuildScriptCaches (91ms)
			SetupLoadedEditorAssemblies (643ms)
				LogAssemblyErrors (0ms)
				InitializePlatformSupportModulesInManaged (17ms)
				SetLoadedEditorAssemblies (2ms)
				RefreshPlugins (1ms)
				BeforeProcessingInitializeOnLoad (116ms)
				ProcessInitializeOnLoadAttributes (308ms)
				ProcessInitializeOnLoadMethodAttributes (189ms)
				AfterProcessingInitializeOnLoad (9ms)
				EditorAssembliesLoaded (0ms)
			ExecutionOrderSort2 (0ms)
			AwakeInstancesAfterBackupRestoration (6ms)
Platform modules already initialized, skipping
Refreshing native plugins compatible for Editor in 5.35 ms, found 2 plugins.
Preloading 0 native plugins for Editor in 0.00 ms.
Unloading 2429 Unused Serialized files (Serialized files now loaded: 0)
Unloading 52 unused Assets / (310.6 KB). Loaded Objects now: 2959.
Memory consumption went from 99.8 MB to 99.5 MB.
Total: 9.807200 ms (FindLiveObjects: 0.258900 ms CreateObjectMapping: 0.138300 ms MarkObjects: 9.326500 ms  DeleteObjects: 0.080800 ms)

AssetImportParameters requested are different than current active one (requested -> active):
  custom:video-decoder-ogg-theora: a1e56fd34408186e4bbccfd4996cb3dc -> 
  custom:container-muxer-webm: aa71ff27fc2769a1b78a27578f13a17b -> 
  custom:container-demuxer-webm: 4f35f7cbe854078d1ac9338744f61a02 -> 
  custom:video-encoder-webm-vp8: eb34c28f22e8b96e1ab97ce403110664 -> 
  custom:audio-encoder-webm-vorbis: bf7c407c2cedff20999df2af8eb42d56 -> 
  custom:framework-win-MediaFoundation: 216162199b28c13a410421893ffa2e32 -> 
  custom:container-demuxer-ogg: 62fdf1f143b41e24485cea50d1cbac27 -> 
  custom:video-decoder-webm-vp8: 9c59270c3fd7afecdb556c50c9e8de78 -> 
  custom:audio-decoder-ogg-vorbis: bf7c407c2cedff20999df2af8eb42d56 -> 
========================================================================
Received Prepare
Registering precompiled user dll's ...
Registered in 0.004425 seconds.
Begin MonoManager ReloadAssembly
Native extension for WindowsStandalone target not found
Native extension for WebGL target not found
Refreshing native plugins compatible for Editor in 1.06 ms, found 2 plugins.
Preloading 0 native plugins for Editor in 0.00 ms.
Cancelling DisplayDialogComplex: Mobile Dependency Resolver required Mediation requires Mobile Dependency Resolver to resolve native dependencies.
 Would you like to import the package?
This should not be called in batch mode.
UnityEngine.StackTraceUtility:ExtractStackTrace ()
UnityEditor.EditorUtility:DisplayDialogComplex (string,string,string,string,string)
MobileDependencyResolver.Installer.Editor.MobileDependencyResolverInstaller:AskUserToInstallPackage () (at Library/PackageCache/com.unity.services.mediation@1.0.5/MobileDependencyResolver/Editor/MobileDependencyResolverInstaller.cs:38)
MobileDependencyResolver.Installer.Editor.MobileDependencyResolverInstaller:InstallPlayServicesResolverIfNeeded () (at Library/PackageCache/com.unity.services.mediation@1.0.5/MobileDependencyResolver/Editor/MobileDependencyResolverInstaller.cs:23)
System.Reflection.RuntimeMethodInfo:Invoke (object,System.Reflection.BindingFlags,System.Reflection.Binder,object[],System.Globalization.CultureInfo)
System.Reflection.MethodBase:Invoke (object,object[])
UnityEditor.EditorAssemblies:ProcessInitializeOnLoadMethodAttributes ()

[Library/PackageCache/com.unity.services.mediation@1.0.5/MobileDependencyResolver/Editor/MobileDependencyResolverInstaller.cs line 38]

Mono: successfully reloaded assembly
- Completed reload, in  1.683 seconds
Domain Reload Profiling:
	ReloadAssembly (1684ms)
		BeginReloadAssembly (246ms)
			ExecutionOrderSort (0ms)
			DisableScriptedObjects (10ms)
			BackupInstance (0ms)
			ReleaseScriptingObjects (0ms)
			CreateAndSetChildDomain (47ms)
		EndReloadAssembly (1261ms)
			LoadAssemblies (159ms)
			RebuildTransferFunctionScriptingTraits (0ms)
			SetupTypeCache (298ms)
			ReleaseScriptCaches (2ms)
			RebuildScriptCaches (71ms)
			SetupLoadedEditorAssemblies (697ms)
				LogAssemblyErrors (0ms)
				InitializePlatformSupportModulesInManaged (14ms)
				SetLoadedEditorAssemblies (1ms)
				RefreshPlugins (1ms)
				BeforeProcessingInitializeOnLoad (120ms)
				ProcessInitializeOnLoadAttributes (308ms)
				ProcessInitializeOnLoadMethodAttributes (230ms)
				AfterProcessingInitializeOnLoad (22ms)
				EditorAssembliesLoaded (0ms)
			ExecutionOrderSort2 (0ms)
			AwakeInstancesAfterBackupRestoration (13ms)
Platform modules already initialized, skipping
Refreshing native plugins compatible for Editor in 5.94 ms, found 2 plugins.
Preloading 0 native plugins for Editor in 0.00 ms.
Unloading 2429 Unused Serialized files (Serialized files now loaded: 0)
Unloading 52 unused Assets / (310.6 KB). Loaded Objects now: 2962.
Memory consumption went from 99.8 MB to 99.5 MB.
Total: 10.228000 ms (FindLiveObjects: 0.286700 ms CreateObjectMapping: 0.106200 ms MarkObjects: 9.735300 ms  DeleteObjects: 0.097900 ms)

AssetImportParameters requested are different than current active one (requested -> active):
  custom:video-decoder-ogg-theora: a1e56fd34408186e4bbccfd4996cb3dc -> 
  custom:container-muxer-webm: aa71ff27fc2769a1b78a27578f13a17b -> 
  custom:container-demuxer-webm: 4f35f7cbe854078d1ac9338744f61a02 -> 
  custom:video-encoder-webm-vp8: eb34c28f22e8b96e1ab97ce403110664 -> 
  custom:audio-encoder-webm-vorbis: bf7c407c2cedff20999df2af8eb42d56 -> 
  custom:framework-win-MediaFoundation: 216162199b28c13a410421893ffa2e32 -> 
  custom:container-demuxer-ogg: 62fdf1f143b41e24485cea50d1cbac27 -> 
  custom:video-decoder-webm-vp8: 9c59270c3fd7afecdb556c50c9e8de78 -> 
  custom:audio-decoder-ogg-vorbis: bf7c407c2cedff20999df2af8eb42d56 -> 
