Using pre-set license
Built from '2021.3/staging' branch; Version is '2021.3.21f1 (1b156197d683) revision 1774945'; Using compiler version '192829333'; Build Type 'Release'
OS: 'Windows 11  (10.0.26200) 64bit CoreSingleLanguage' Language: 'en' Physical Memory: 16085 MB
BatchMode: 1, IsHumanControllingUs: 0, StartBugReporterOnCrash: 0, Is64bit: 1, IsPro: 1

COMMAND LINE ARGUMENTS:
C:\Program Files\Unity\Hub\Editor\2021.3.21f1\Editor\Unity.exe
-adb2
-batchMode
-noUpm
-name
AssetImportWorker7
-projectPath
D:/My Files/MyGame/Outscal/battle-tank-game
-logFile
Logs/AssetImportWorker7.log
-srvPort
60271
Successfully changed project path to: D:/My Files/MyGame/Outscal/battle-tank-game
D:/My Files/MyGame/Outscal/battle-tank-game
[UnityMemory] Configuration Parameters - Can be set up in boot.config
    "memorysetup-bucket-allocator-granularity=16"
    "memorysetup-bucket-allocator-bucket-count=8"
    "memorysetup-bucket-allocator-block-size=33554432"
    "memorysetup-bucket-allocator-block-count=8"
    "memorysetup-main-allocator-block-size=16777216"
    "memorysetup-thread-allocator-block-size=16777216"
    "memorysetup-gfx-main-allocator-block-size=16777216"
    "memorysetup-gfx-thread-allocator-block-size=16777216"
    "memorysetup-cache-allocator-block-size=4194304"
    "memorysetup-typetree-allocator-block-size=2097152"
    "memorysetup-profiler-bucket-allocator-granularity=16"
    "memorysetup-profiler-bucket-allocator-bucket-count=8"
    "memorysetup-profiler-bucket-allocator-block-size=33554432"
    "memorysetup-profiler-bucket-allocator-block-count=8"
    "memorysetup-profiler-allocator-block-size=16777216"
    "memorysetup-profiler-editor-allocator-block-size=1048576"
    "memorysetup-temp-allocator-size-main=16777216"
    "memorysetup-job-temp-allocator-block-size=2097152"
    "memorysetup-job-temp-allocator-block-size-background=1048576"
    "memorysetup-job-temp-allocator-reduction-small-platforms=262144"
    "memorysetup-temp-allocator-size-background-worker=32768"
    "memorysetup-temp-allocator-size-job-worker=262144"
    "memorysetup-temp-allocator-size-preload-manager=33554432"
    "memorysetup-temp-allocator-size-nav-mesh-worker=65536"
    "memorysetup-temp-allocator-size-audio-worker=65536"
    "memorysetup-temp-allocator-size-cloud-worker=32768"
    "memorysetup-temp-allocator-size-gi-baking-worker=262144"
    "memorysetup-temp-allocator-size-gfx=262144"
Player connection [14444] Host "[IP] 192.168.29.66 [Port] 0 [Flags] 2 [Guid] 2975648248 [EditorId] 2975648248 [Version] 1048832 [Id] WindowsEditor(7,MSI) [Debug] 1 [PackageName] WindowsEditor [ProjectName] Editor" joined multi-casting on [225.0.0.222:54997]...

Player connection [14444] Host "[IP] 192.168.29.66 [Port] 0 [Flags] 2 [Guid] 2975648248 [EditorId] 2975648248 [Version] 1048832 [Id] WindowsEditor(7,MSI) [Debug] 1 [PackageName] WindowsEditor [ProjectName] Editor" joined alternative multi-casting on [225.0.0.222:34997]...

Refreshing native plugins compatible for Editor in 146.49 ms, found 2 plugins.
Preloading 0 native plugins for Editor in 0.00 ms.
Initialize engine version: 2021.3.21f1 (1b156197d683)
[Subsystems] Discovering subsystems at path C:/Program Files/Unity/Hub/Editor/2021.3.21f1/Editor/Data/Resources/UnitySubsystems
[Subsystems] Discovering subsystems at path D:/My Files/MyGame/Outscal/battle-tank-game/Assets
GfxDevice: creating device client; threaded=0; jobified=0
Direct3D:
    Version:  Direct3D 11.0 [level 11.1]
    Renderer: NVIDIA GeForce RTX 3060 Laptop GPU (ID=0x2520)
    Vendor:   NVIDIA
    VRAM:     5994 MB
    Driver:   32.0.15.9621
Initialize mono
Mono path[0] = 'C:/Program Files/Unity/Hub/Editor/2021.3.21f1/Editor/Data/Managed'
Mono path[1] = 'C:/Program Files/Unity/Hub/Editor/2021.3.21f1/Editor/Data/MonoBleedingEdge/lib/mono/unityjit-win32'
Mono config path = 'C:/Program Files/Unity/Hub/Editor/2021.3.21f1/Editor/Data/MonoBleedingEdge/etc'
Using monoOptions --debugger-agent=transport=dt_socket,embedding=1,server=y,suspend=n,address=127.0.0.1:56484
Begin MonoManager ReloadAssembly
Registering precompiled unity dll's ...
Register platform support module: C:/Program Files/Unity/Hub/Editor/2021.3.21f1/Editor/Data/PlaybackEngines/WebGLSupport/UnityEditor.WebGL.Extensions.dll
Register platform support module: C:/Program Files/Unity/Hub/Editor/2021.3.21f1/Editor/Data/PlaybackEngines/WindowsStandaloneSupport/UnityEditor.WindowsStandalone.Extensions.dll
Registered in 0.017441 seconds.
Native extension for WindowsStandalone target not found
Native extension for WebGL target not found
Refreshing native plugins compatible for Editor in 92.11 ms, found 2 plugins.
Preloading 0 native plugins for Editor in 0.00 ms.
Mono: successfully reloaded assembly
- Completed reload, in  1.390 seconds
Domain Reload Profiling:
	ReloadAssembly (1391ms)
		BeginReloadAssembly (171ms)
			ExecutionOrderSort (0ms)
			DisableScriptedObjects (0ms)
			BackupInstance (0ms)
			ReleaseScriptingObjects (0ms)
			CreateAndSetChildDomain (1ms)
		EndReloadAssembly (947ms)
			LoadAssemblies (168ms)
			RebuildTransferFunctionScriptingTraits (0ms)
			SetupTypeCache (294ms)
			ReleaseScriptCaches (0ms)
			RebuildScriptCaches (61ms)
			SetupLoadedEditorAssemblies (480ms)
				LogAssemblyErrors (0ms)
				InitializePlatformSupportModulesInManaged (19ms)
				SetLoadedEditorAssemblies (0ms)
				RefreshPlugins (92ms)
				BeforeProcessingInitializeOnLoad (2ms)
				ProcessInitializeOnLoadAttributes (267ms)
				ProcessInitializeOnLoadMethodAttributes (98ms)
				AfterProcessingInitializeOnLoad (0ms)
				EditorAssembliesLoaded (0ms)
			ExecutionOrderSort2 (0ms)
			AwakeInstancesAfterBackupRestoration (0ms)
Platform modules already initialized, skipping
Registering precompiled user dll's ...
Registered in 0.007024 seconds.
Begin MonoManager ReloadAssembly
Native extension for WindowsStandalone target not found
Native extension for WebGL target not found
Refreshing native plugins compatible for Editor in 1.48 ms, found 2 plugins.
Preloading 0 native plugins for Editor in 0.00 ms.
Mono: successfully reloaded assembly
- Completed reload, in 14.364 seconds
Domain Reload Profiling:
	ReloadAssembly (14366ms)
		BeginReloadAssembly (281ms)
			ExecutionOrderSort (0ms)
			DisableScriptedObjects (16ms)
			BackupInstance (0ms)
			ReleaseScriptingObjects (0ms)
			CreateAndSetChildDomain (40ms)
		EndReloadAssembly (13766ms)
			LoadAssemblies (11254ms)
			RebuildTransferFunctionScriptingTraits (0ms)
			SetupTypeCache (472ms)
			ReleaseScriptCaches (1ms)
			RebuildScriptCaches (114ms)
			SetupLoadedEditorAssemblies (1873ms)
				LogAssemblyErrors (0ms)
				InitializePlatformSupportModulesInManaged (18ms)
				SetLoadedEditorAssemblies (1ms)
				RefreshPlugins (2ms)
				BeforeProcessingInitializeOnLoad (231ms)
				ProcessInitializeOnLoadAttributes (1232ms)
				ProcessInitializeOnLoadMethodAttributes (371ms)
				AfterProcessingInitializeOnLoad (17ms)
				EditorAssembliesLoaded (1ms)
			ExecutionOrderSort2 (0ms)
			AwakeInstancesAfterBackupRestoration (13ms)
Platform modules already initialized, skipping
========================================================================
Worker process is ready to serve import requests
Launched and connected shader compiler UnityShaderCompiler.exe after 0.15 seconds
Refreshing native plugins compatible for Editor in 1.08 ms, found 2 plugins.
Preloading 0 native plugins for Editor in 0.00 ms.
Unloading 2513 Unused Serialized files (Serialized files now loaded: 0)
Unloading 67 unused Assets / (345.3 KB). Loaded Objects now: 2950.
Memory consumption went from 101.6 MB to 101.3 MB.
Total: 16.287800 ms (FindLiveObjects: 0.360100 ms CreateObjectMapping: 0.178300 ms MarkObjects: 14.536000 ms  DeleteObjects: 1.211600 ms)

AssetImportParameters requested are different than current active one (requested -> active):
  custom:video-decoder-ogg-theora: a1e56fd34408186e4bbccfd4996cb3dc -> 
  custom:container-muxer-webm: aa71ff27fc2769a1b78a27578f13a17b -> 
  custom:container-demuxer-webm: 4f35f7cbe854078d1ac9338744f61a02 -> 
  custom:video-encoder-webm-vp8: eb34c28f22e8b96e1ab97ce403110664 -> 
  custom:video-codec-MediaFoundation-h265: 746d11721c4dcdbdad8f713fa42b33f4 -> 
  custom:audio-encoder-webm-vorbis: bf7c407c2cedff20999df2af8eb42d56 -> 
  custom:framework-win-MediaFoundation: 216162199b28c13a410421893ffa2e32 -> 
  custom:container-demuxer-ogg: 62fdf1f143b41e24485cea50d1cbac27 -> 
  custom:video-decoder-webm-vp8: 9c59270c3fd7afecdb556c50c9e8de78 -> 
  custom:audio-decoder-ogg-vorbis: bf7c407c2cedff20999df2af8eb42d56 -> 
========================================================================
Received Import Request.
  Time since last request: 203842.622994 seconds.
  path: Assets/Scripts/Tank/TankController.cs
  artifactKey: Guid(5c222844bec061143b3efa22fdec45e3) Importer(815301076,1909f56bfc062723c751e8b465ee728b)
Start importing Assets/Scripts/Tank/TankController.cs using Guid(5c222844bec061143b3efa22fdec45e3) Importer(815301076,1909f56bfc062723c751e8b465ee728b)  -> (artifact id: '5c41b3f1f574cd37b45a5eb3886c9af4') in 0.115213 seconds 
========================================================================
Received Prepare
Registering precompiled user dll's ...
Registered in 0.012801 seconds.
Begin MonoManager ReloadAssembly
Native extension for WindowsStandalone target not found
Native extension for WebGL target not found
Refreshing native plugins compatible for Editor in 1.31 ms, found 2 plugins.
Preloading 0 native plugins for Editor in 0.00 ms.
Mono: successfully reloaded assembly
- Completed reload, in  3.917 seconds
Domain Reload Profiling:
	ReloadAssembly (3920ms)
		BeginReloadAssembly (1120ms)
			ExecutionOrderSort (0ms)
			DisableScriptedObjects (62ms)
			BackupInstance (0ms)
			ReleaseScriptingObjects (0ms)
			CreateAndSetChildDomain (401ms)
		EndReloadAssembly (2379ms)
			LoadAssemblies (442ms)
			RebuildTransferFunctionScriptingTraits (0ms)
			SetupTypeCache (702ms)
			ReleaseScriptCaches (2ms)
			RebuildScriptCaches (105ms)
			SetupLoadedEditorAssemblies (1250ms)
				LogAssemblyErrors (0ms)
				InitializePlatformSupportModulesInManaged (19ms)
				SetLoadedEditorAssemblies (2ms)
				RefreshPlugins (1ms)
				BeforeProcessingInitializeOnLoad (152ms)
				ProcessInitializeOnLoadAttributes (607ms)
				ProcessInitializeOnLoadMethodAttributes (445ms)
				AfterProcessingInitializeOnLoad (22ms)
				EditorAssembliesLoaded (1ms)
			ExecutionOrderSort2 (0ms)
			AwakeInstancesAfterBackupRestoration (16ms)
Platform modules already initialized, skipping
Refreshing native plugins compatible for Editor in 9.51 ms, found 2 plugins.
Preloading 0 native plugins for Editor in 0.00 ms.
Unloading 2475 Unused Serialized files (Serialized files now loaded: 0)
Unloading 56 unused Assets / (311.1 KB). Loaded Objects now: 2954.
Memory consumption went from 97.8 MB to 97.5 MB.
Total: 29.549000 ms (FindLiveObjects: 0.347600 ms CreateObjectMapping: 0.138400 ms MarkObjects: 28.889800 ms  DeleteObjects: 0.171700 ms)

AssetImportParameters requested are different than current active one (requested -> active):
  custom:video-decoder-ogg-theora: a1e56fd34408186e4bbccfd4996cb3dc -> 
  custom:container-muxer-webm: aa71ff27fc2769a1b78a27578f13a17b -> 
  custom:container-demuxer-webm: 4f35f7cbe854078d1ac9338744f61a02 -> 
  custom:video-encoder-webm-vp8: eb34c28f22e8b96e1ab97ce403110664 -> 
  custom:video-codec-MediaFoundation-h265: 746d11721c4dcdbdad8f713fa42b33f4 -> 
  custom:audio-encoder-webm-vorbis: bf7c407c2cedff20999df2af8eb42d56 -> 
  custom:framework-win-MediaFoundation: 216162199b28c13a410421893ffa2e32 -> 
  custom:container-demuxer-ogg: 62fdf1f143b41e24485cea50d1cbac27 -> 
  custom:video-decoder-webm-vp8: 9c59270c3fd7afecdb556c50c9e8de78 -> 
  custom:audio-decoder-ogg-vorbis: bf7c407c2cedff20999df2af8eb42d56 -> 
========================================================================
Received Prepare
Registering precompiled user dll's ...
Registered in 0.006651 seconds.
Begin MonoManager ReloadAssembly
Native extension for WindowsStandalone target not found
Native extension for WebGL target not found
Refreshing native plugins compatible for Editor in 1.51 ms, found 2 plugins.
Preloading 0 native plugins for Editor in 0.00 ms.
Mono: successfully reloaded assembly
- Completed reload, in  2.273 seconds
Domain Reload Profiling:
	ReloadAssembly (2275ms)
		BeginReloadAssembly (331ms)
			ExecutionOrderSort (0ms)
			DisableScriptedObjects (13ms)
			BackupInstance (0ms)
			ReleaseScriptingObjects (0ms)
			CreateAndSetChildDomain (81ms)
		EndReloadAssembly (1716ms)
			LoadAssemblies (207ms)
			RebuildTransferFunctionScriptingTraits (0ms)
			SetupTypeCache (478ms)
			ReleaseScriptCaches (2ms)
			RebuildScriptCaches (93ms)
			SetupLoadedEditorAssemblies (882ms)
				LogAssemblyErrors (0ms)
				InitializePlatformSupportModulesInManaged (18ms)
				SetLoadedEditorAssemblies (1ms)
				RefreshPlugins (2ms)
				BeforeProcessingInitializeOnLoad (175ms)
				ProcessInitializeOnLoadAttributes (438ms)
				ProcessInitializeOnLoadMethodAttributes (236ms)
				AfterProcessingInitializeOnLoad (12ms)
				EditorAssembliesLoaded (0ms)
			ExecutionOrderSort2 (0ms)
			AwakeInstancesAfterBackupRestoration (10ms)
Platform modules already initialized, skipping
Refreshing native plugins compatible for Editor in 6.08 ms, found 2 plugins.
Preloading 0 native plugins for Editor in 0.00 ms.
Unloading 2476 Unused Serialized files (Serialized files now loaded: 0)
Unloading 56 unused Assets / (311.0 KB). Loaded Objects now: 2958.
Memory consumption went from 97.8 MB to 97.5 MB.
Total: 10.697200 ms (FindLiveObjects: 0.264500 ms CreateObjectMapping: 0.095300 ms MarkObjects: 10.233300 ms  DeleteObjects: 0.102000 ms)

AssetImportParameters requested are different than current active one (requested -> active):
  custom:video-decoder-ogg-theora: a1e56fd34408186e4bbccfd4996cb3dc -> 
  custom:container-muxer-webm: aa71ff27fc2769a1b78a27578f13a17b -> 
  custom:container-demuxer-webm: 4f35f7cbe854078d1ac9338744f61a02 -> 
  custom:video-encoder-webm-vp8: eb34c28f22e8b96e1ab97ce403110664 -> 
  custom:video-codec-MediaFoundation-h265: 746d11721c4dcdbdad8f713fa42b33f4 -> 
  custom:audio-encoder-webm-vorbis: bf7c407c2cedff20999df2af8eb42d56 -> 
  custom:framework-win-MediaFoundation: 216162199b28c13a410421893ffa2e32 -> 
  custom:container-demuxer-ogg: 62fdf1f143b41e24485cea50d1cbac27 -> 
  custom:video-decoder-webm-vp8: 9c59270c3fd7afecdb556c50c9e8de78 -> 
  custom:audio-decoder-ogg-vorbis: bf7c407c2cedff20999df2af8eb42d56 -> 
========================================================================
Received Prepare
Registering precompiled user dll's ...
Registered in 0.008701 seconds.
Begin MonoManager ReloadAssembly
Native extension for WindowsStandalone target not found
Native extension for WebGL target not found
Refreshing native plugins compatible for Editor in 1.30 ms, found 2 plugins.
Preloading 0 native plugins for Editor in 0.00 ms.
Mono: successfully reloaded assembly
- Completed reload, in  2.121 seconds
Domain Reload Profiling:
	ReloadAssembly (2123ms)
		BeginReloadAssembly (286ms)
			ExecutionOrderSort (0ms)
			DisableScriptedObjects (11ms)
			BackupInstance (0ms)
			ReleaseScriptingObjects (0ms)
			CreateAndSetChildDomain (71ms)
		EndReloadAssembly (1601ms)
			LoadAssemblies (180ms)
			RebuildTransferFunctionScriptingTraits (0ms)
			SetupTypeCache (386ms)
			ReleaseScriptCaches (2ms)
			RebuildScriptCaches (96ms)
			SetupLoadedEditorAssemblies (878ms)
				LogAssemblyErrors (0ms)
				InitializePlatformSupportModulesInManaged (13ms)
				SetLoadedEditorAssemblies (1ms)
				RefreshPlugins (1ms)
				BeforeProcessingInitializeOnLoad (136ms)
				ProcessInitializeOnLoadAttributes (440ms)
				ProcessInitializeOnLoadMethodAttributes (275ms)
				AfterProcessingInitializeOnLoad (12ms)
				EditorAssembliesLoaded (0ms)
			ExecutionOrderSort2 (0ms)
			AwakeInstancesAfterBackupRestoration (10ms)
Platform modules already initialized, skipping
Refreshing native plugins compatible for Editor in 7.61 ms, found 2 plugins.
Preloading 0 native plugins for Editor in 0.00 ms.
Unloading 2475 Unused Serialized files (Serialized files now loaded: 0)
Unloading 57 unused Assets / (311.1 KB). Loaded Objects now: 2960.
Memory consumption went from 97.8 MB to 97.5 MB.
Total: 11.706100 ms (FindLiveObjects: 0.343000 ms CreateObjectMapping: 0.120700 ms MarkObjects: 11.133200 ms  DeleteObjects: 0.107300 ms)

AssetImportParameters requested are different than current active one (requested -> active):
  custom:video-decoder-ogg-theora: a1e56fd34408186e4bbccfd4996cb3dc -> 
  custom:container-muxer-webm: aa71ff27fc2769a1b78a27578f13a17b -> 
  custom:container-demuxer-webm: 4f35f7cbe854078d1ac9338744f61a02 -> 
  custom:video-encoder-webm-vp8: eb34c28f22e8b96e1ab97ce403110664 -> 
  custom:video-codec-MediaFoundation-h265: 746d11721c4dcdbdad8f713fa42b33f4 -> 
  custom:audio-encoder-webm-vorbis: bf7c407c2cedff20999df2af8eb42d56 -> 
  custom:framework-win-MediaFoundation: 216162199b28c13a410421893ffa2e32 -> 
  custom:container-demuxer-ogg: 62fdf1f143b41e24485cea50d1cbac27 -> 
  custom:video-decoder-webm-vp8: 9c59270c3fd7afecdb556c50c9e8de78 -> 
  custom:audio-decoder-ogg-vorbis: bf7c407c2cedff20999df2af8eb42d56 -> 
========================================================================
Received Prepare
Registering precompiled user dll's ...
Registered in 0.006690 seconds.
Begin MonoManager ReloadAssembly
Native extension for WindowsStandalone target not found
Native extension for WebGL target not found
Refreshing native plugins compatible for Editor in 1.75 ms, found 2 plugins.
Preloading 0 native plugins for Editor in 0.00 ms.
Mono: successfully reloaded assembly
- Completed reload, in  2.092 seconds
Domain Reload Profiling:
	ReloadAssembly (2093ms)
		BeginReloadAssembly (290ms)
			ExecutionOrderSort (0ms)
			DisableScriptedObjects (11ms)
			BackupInstance (0ms)
			ReleaseScriptingObjects (0ms)
			CreateAndSetChildDomain (62ms)
		EndReloadAssembly (1597ms)
			LoadAssemblies (206ms)
			RebuildTransferFunctionScriptingTraits (0ms)
			SetupTypeCache (408ms)
			ReleaseScriptCaches (2ms)
			RebuildScriptCaches (87ms)
			SetupLoadedEditorAssemblies (838ms)
				LogAssemblyErrors (0ms)
				InitializePlatformSupportModulesInManaged (14ms)
				SetLoadedEditorAssemblies (1ms)
				RefreshPlugins (2ms)
				BeforeProcessingInitializeOnLoad (172ms)
				ProcessInitializeOnLoadAttributes (368ms)
				ProcessInitializeOnLoadMethodAttributes (267ms)
				AfterProcessingInitializeOnLoad (14ms)
				EditorAssembliesLoaded (0ms)
			ExecutionOrderSort2 (0ms)
			AwakeInstancesAfterBackupRestoration (11ms)
Platform modules already initialized, skipping
Refreshing native plugins compatible for Editor in 6.50 ms, found 2 plugins.
Preloading 0 native plugins for Editor in 0.00 ms.
Unloading 2476 Unused Serialized files (Serialized files now loaded: 0)
Unloading 56 unused Assets / (311.1 KB). Loaded Objects now: 2964.
Memory consumption went from 97.8 MB to 97.5 MB.
Total: 11.412600 ms (FindLiveObjects: 0.328600 ms CreateObjectMapping: 0.113900 ms MarkObjects: 10.868900 ms  DeleteObjects: 0.099500 ms)

AssetImportParameters requested are different than current active one (requested -> active):
  custom:video-decoder-ogg-theora: a1e56fd34408186e4bbccfd4996cb3dc -> 
  custom:container-muxer-webm: aa71ff27fc2769a1b78a27578f13a17b -> 
  custom:container-demuxer-webm: 4f35f7cbe854078d1ac9338744f61a02 -> 
  custom:video-encoder-webm-vp8: eb34c28f22e8b96e1ab97ce403110664 -> 
  custom:video-codec-MediaFoundation-h265: 746d11721c4dcdbdad8f713fa42b33f4 -> 
  custom:audio-encoder-webm-vorbis: bf7c407c2cedff20999df2af8eb42d56 -> 
  custom:framework-win-MediaFoundation: 216162199b28c13a410421893ffa2e32 -> 
  custom:container-demuxer-ogg: 62fdf1f143b41e24485cea50d1cbac27 -> 
  custom:video-decoder-webm-vp8: 9c59270c3fd7afecdb556c50c9e8de78 -> 
  custom:audio-decoder-ogg-vorbis: bf7c407c2cedff20999df2af8eb42d56 -> 
========================================================================
Received Prepare
Registering precompiled user dll's ...
Registered in 0.036904 seconds.
Begin MonoManager ReloadAssembly
Native extension for WindowsStandalone target not found
Native extension for WebGL target not found
Refreshing native plugins compatible for Editor in 3.36 ms, found 2 plugins.
Preloading 0 native plugins for Editor in 0.00 ms.
Mono: successfully reloaded assembly
- Completed reload, in  3.436 seconds
Domain Reload Profiling:
	ReloadAssembly (3438ms)
		BeginReloadAssembly (388ms)
			ExecutionOrderSort (0ms)
			DisableScriptedObjects (14ms)
			BackupInstance (0ms)
			ReleaseScriptingObjects (0ms)
			CreateAndSetChildDomain (85ms)
		EndReloadAssembly (2658ms)
			LoadAssemblies (290ms)
			RebuildTransferFunctionScriptingTraits (0ms)
			SetupTypeCache (665ms)
			ReleaseScriptCaches (3ms)
			RebuildScriptCaches (163ms)
			SetupLoadedEditorAssemblies (1328ms)
				LogAssemblyErrors (0ms)
				InitializePlatformSupportModulesInManaged (30ms)
				SetLoadedEditorAssemblies (3ms)
				RefreshPlugins (4ms)
				BeforeProcessingInitializeOnLoad (258ms)
				ProcessInitializeOnLoadAttributes (646ms)
				ProcessInitializeOnLoadMethodAttributes (371ms)
				AfterProcessingInitializeOnLoad (16ms)
				EditorAssembliesLoaded (1ms)
			ExecutionOrderSort2 (0ms)
			AwakeInstancesAfterBackupRestoration (10ms)
Platform modules already initialized, skipping
Refreshing native plugins compatible for Editor in 13.18 ms, found 2 plugins.
Preloading 0 native plugins for Editor in 0.00 ms.
Unloading 2476 Unused Serialized files (Serialized files now loaded: 0)
Unloading 56 unused Assets / (311.1 KB). Loaded Objects now: 2967.
Memory consumption went from 97.8 MB to 97.5 MB.
Total: 13.450800 ms (FindLiveObjects: 0.355000 ms CreateObjectMapping: 0.135700 ms MarkObjects: 12.818400 ms  DeleteObjects: 0.139500 ms)

AssetImportParameters requested are different than current active one (requested -> active):
  custom:video-decoder-ogg-theora: a1e56fd34408186e4bbccfd4996cb3dc -> 
  custom:container-muxer-webm: aa71ff27fc2769a1b78a27578f13a17b -> 
  custom:container-demuxer-webm: 4f35f7cbe854078d1ac9338744f61a02 -> 
  custom:video-encoder-webm-vp8: eb34c28f22e8b96e1ab97ce403110664 -> 
  custom:video-codec-MediaFoundation-h265: 746d11721c4dcdbdad8f713fa42b33f4 -> 
  custom:audio-encoder-webm-vorbis: bf7c407c2cedff20999df2af8eb42d56 -> 
  custom:framework-win-MediaFoundation: 216162199b28c13a410421893ffa2e32 -> 
  custom:container-demuxer-ogg: 62fdf1f143b41e24485cea50d1cbac27 -> 
  custom:video-decoder-webm-vp8: 9c59270c3fd7afecdb556c50c9e8de78 -> 
  custom:audio-decoder-ogg-vorbis: bf7c407c2cedff20999df2af8eb42d56 -> 
========================================================================
Received Prepare
Registering precompiled user dll's ...
Registered in 0.011265 seconds.
Begin MonoManager ReloadAssembly
Native extension for WindowsStandalone target not found
Native extension for WebGL target not found
Refreshing native plugins compatible for Editor in 1.58 ms, found 2 plugins.
Preloading 0 native plugins for Editor in 0.00 ms.
Mono: successfully reloaded assembly
- Completed reload, in  3.025 seconds
Domain Reload Profiling:
	ReloadAssembly (3027ms)
		BeginReloadAssembly (470ms)
			ExecutionOrderSort (0ms)
			DisableScriptedObjects (18ms)
			BackupInstance (0ms)
			ReleaseScriptingObjects (0ms)
			CreateAndSetChildDomain (109ms)
		EndReloadAssembly (2246ms)
			LoadAssemblies (308ms)
			RebuildTransferFunctionScriptingTraits (0ms)
			SetupTypeCache (675ms)
			ReleaseScriptCaches (2ms)
			RebuildScriptCaches (101ms)
			SetupLoadedEditorAssemblies (1165ms)
				LogAssemblyErrors (0ms)
				InitializePlatformSupportModulesInManaged (12ms)
				SetLoadedEditorAssemblies (1ms)
				RefreshPlugins (2ms)
				BeforeProcessingInitializeOnLoad (131ms)
				ProcessInitializeOnLoadAttributes (572ms)
				ProcessInitializeOnLoadMethodAttributes (424ms)
				AfterProcessingInitializeOnLoad (24ms)
				EditorAssembliesLoaded (1ms)
			ExecutionOrderSort2 (0ms)
			AwakeInstancesAfterBackupRestoration (15ms)
Platform modules already initialized, skipping
Refreshing native plugins compatible for Editor in 10.19 ms, found 2 plugins.
Preloading 0 native plugins for Editor in 0.00 ms.
Unloading 2476 Unused Serialized files (Serialized files now loaded: 0)
Unloading 56 unused Assets / (311.0 KB). Loaded Objects now: 2970.
Memory consumption went from 97.8 MB to 97.5 MB.
Total: 14.084600 ms (FindLiveObjects: 0.370900 ms CreateObjectMapping: 0.139600 ms MarkObjects: 13.397700 ms  DeleteObjects: 0.173400 ms)

AssetImportParameters requested are different than current active one (requested -> active):
  custom:video-decoder-ogg-theora: a1e56fd34408186e4bbccfd4996cb3dc -> 
  custom:container-muxer-webm: aa71ff27fc2769a1b78a27578f13a17b -> 
  custom:container-demuxer-webm: 4f35f7cbe854078d1ac9338744f61a02 -> 
  custom:video-encoder-webm-vp8: eb34c28f22e8b96e1ab97ce403110664 -> 
  custom:video-codec-MediaFoundation-h265: 746d11721c4dcdbdad8f713fa42b33f4 -> 
  custom:audio-encoder-webm-vorbis: bf7c407c2cedff20999df2af8eb42d56 -> 
  custom:framework-win-MediaFoundation: 216162199b28c13a410421893ffa2e32 -> 
  custom:container-demuxer-ogg: 62fdf1f143b41e24485cea50d1cbac27 -> 
  custom:video-decoder-webm-vp8: 9c59270c3fd7afecdb556c50c9e8de78 -> 
  custom:audio-decoder-ogg-vorbis: bf7c407c2cedff20999df2af8eb42d56 -> 
========================================================================
Received Prepare
Registering precompiled user dll's ...
Registered in 0.016191 seconds.
Begin MonoManager ReloadAssembly
Native extension for WindowsStandalone target not found
Native extension for WebGL target not found
Refreshing native plugins compatible for Editor in 2.14 ms, found 2 plugins.
Preloading 0 native plugins for Editor in 0.00 ms.
Mono: successfully reloaded assembly
- Completed reload, in  4.179 seconds
Domain Reload Profiling:
	ReloadAssembly (4181ms)
		BeginReloadAssembly (527ms)
			ExecutionOrderSort (0ms)
			DisableScriptedObjects (27ms)
			BackupInstance (0ms)
			ReleaseScriptingObjects (0ms)
			CreateAndSetChildDomain (98ms)
		EndReloadAssembly (3241ms)
			LoadAssemblies (359ms)
			RebuildTransferFunctionScriptingTraits (0ms)
			SetupTypeCache (704ms)
			ReleaseScriptCaches (3ms)
			RebuildScriptCaches (142ms)
			SetupLoadedEditorAssemblies (1977ms)
				LogAssemblyErrors (0ms)
				InitializePlatformSupportModulesInManaged (22ms)
				SetLoadedEditorAssemblies (2ms)
				RefreshPlugins (2ms)
				BeforeProcessingInitializeOnLoad (254ms)
				ProcessInitializeOnLoadAttributes (1059ms)
				ProcessInitializeOnLoadMethodAttributes (605ms)
				AfterProcessingInitializeOnLoad (31ms)
				EditorAssembliesLoaded (1ms)
			ExecutionOrderSort2 (0ms)
			AwakeInstancesAfterBackupRestoration (25ms)
Platform modules already initialized, skipping
Refreshing native plugins compatible for Editor in 11.40 ms, found 2 plugins.
Preloading 0 native plugins for Editor in 0.00 ms.
Unloading 2476 Unused Serialized files (Serialized files now loaded: 0)
Unloading 56 unused Assets / (311.0 KB). Loaded Objects now: 2973.
Memory consumption went from 97.8 MB to 97.5 MB.
Total: 16.717400 ms (FindLiveObjects: 0.770800 ms CreateObjectMapping: 0.511600 ms MarkObjects: 15.172000 ms  DeleteObjects: 0.259800 ms)

AssetImportParameters requested are different than current active one (requested -> active):
  custom:video-decoder-ogg-theora: a1e56fd34408186e4bbccfd4996cb3dc -> 
  custom:container-muxer-webm: aa71ff27fc2769a1b78a27578f13a17b -> 
  custom:container-demuxer-webm: 4f35f7cbe854078d1ac9338744f61a02 -> 
  custom:video-encoder-webm-vp8: eb34c28f22e8b96e1ab97ce403110664 -> 
  custom:video-codec-MediaFoundation-h265: 746d11721c4dcdbdad8f713fa42b33f4 -> 
  custom:audio-encoder-webm-vorbis: bf7c407c2cedff20999df2af8eb42d56 -> 
  custom:framework-win-MediaFoundation: 216162199b28c13a410421893ffa2e32 -> 
  custom:container-demuxer-ogg: 62fdf1f143b41e24485cea50d1cbac27 -> 
  custom:video-decoder-webm-vp8: 9c59270c3fd7afecdb556c50c9e8de78 -> 
  custom:audio-decoder-ogg-vorbis: bf7c407c2cedff20999df2af8eb42d56 -> 
========================================================================
Received Prepare
Registering precompiled user dll's ...
Registered in 0.020398 seconds.
Begin MonoManager ReloadAssembly
Native extension for WindowsStandalone target not found
Native extension for WebGL target not found
Refreshing native plugins compatible for Editor in 2.56 ms, found 2 plugins.
Preloading 0 native plugins for Editor in 0.00 ms.
Mono: successfully reloaded assembly
- Completed reload, in  3.943 seconds
Domain Reload Profiling:
	ReloadAssembly (3945ms)
		BeginReloadAssembly (832ms)
			ExecutionOrderSort (0ms)
			DisableScriptedObjects (39ms)
			BackupInstance (0ms)
			ReleaseScriptingObjects (0ms)
			CreateAndSetChildDomain (184ms)
		EndReloadAssembly (2709ms)
			LoadAssemblies (545ms)
			RebuildTransferFunctionScriptingTraits (0ms)
			SetupTypeCache (596ms)
			ReleaseScriptCaches (2ms)
			RebuildScriptCaches (117ms)
			SetupLoadedEditorAssemblies (1610ms)
				LogAssemblyErrors (0ms)
				InitializePlatformSupportModulesInManaged (24ms)
				SetLoadedEditorAssemblies (2ms)
				RefreshPlugins (3ms)
				BeforeProcessingInitializeOnLoad (177ms)
				ProcessInitializeOnLoadAttributes (719ms)
				ProcessInitializeOnLoadMethodAttributes (662ms)
				AfterProcessingInitializeOnLoad (23ms)
				EditorAssembliesLoaded (1ms)
			ExecutionOrderSort2 (0ms)
			AwakeInstancesAfterBackupRestoration (15ms)
Platform modules already initialized, skipping
Refreshing native plugins compatible for Editor in 11.08 ms, found 2 plugins.
Preloading 0 native plugins for Editor in 0.00 ms.
Unloading 2476 Unused Serialized files (Serialized files now loaded: 0)
Unloading 56 unused Assets / (311.0 KB). Loaded Objects now: 2976.
Memory consumption went from 97.9 MB to 97.5 MB.
Total: 16.799200 ms (FindLiveObjects: 0.504300 ms CreateObjectMapping: 0.225700 ms MarkObjects: 15.888900 ms  DeleteObjects: 0.177400 ms)

AssetImportParameters requested are different than current active one (requested -> active):
  custom:video-decoder-ogg-theora: a1e56fd34408186e4bbccfd4996cb3dc -> 
  custom:container-muxer-webm: aa71ff27fc2769a1b78a27578f13a17b -> 
  custom:container-demuxer-webm: 4f35f7cbe854078d1ac9338744f61a02 -> 
  custom:video-encoder-webm-vp8: eb34c28f22e8b96e1ab97ce403110664 -> 
  custom:video-codec-MediaFoundation-h265: 746d11721c4dcdbdad8f713fa42b33f4 -> 
  custom:audio-encoder-webm-vorbis: bf7c407c2cedff20999df2af8eb42d56 -> 
  custom:framework-win-MediaFoundation: 216162199b28c13a410421893ffa2e32 -> 
  custom:container-demuxer-ogg: 62fdf1f143b41e24485cea50d1cbac27 -> 
  custom:video-decoder-webm-vp8: 9c59270c3fd7afecdb556c50c9e8de78 -> 
  custom:audio-decoder-ogg-vorbis: bf7c407c2cedff20999df2af8eb42d56 -> 
========================================================================
Received Prepare
Registering precompiled user dll's ...
Registered in 0.014755 seconds.
Begin MonoManager ReloadAssembly
Native extension for WindowsStandalone target not found
Native extension for WebGL target not found
Refreshing native plugins compatible for Editor in 1.28 ms, found 2 plugins.
Preloading 0 native plugins for Editor in 0.00 ms.
Mono: successfully reloaded assembly
- Completed reload, in  2.522 seconds
Domain Reload Profiling:
	ReloadAssembly (2523ms)
		BeginReloadAssembly (359ms)
			ExecutionOrderSort (0ms)
			DisableScriptedObjects (18ms)
			BackupInstance (0ms)
			ReleaseScriptingObjects (0ms)
			CreateAndSetChildDomain (83ms)
		EndReloadAssembly (1884ms)
			LoadAssemblies (233ms)
			RebuildTransferFunctionScriptingTraits (0ms)
			SetupTypeCache (664ms)
			ReleaseScriptCaches (3ms)
			RebuildScriptCaches (79ms)
			SetupLoadedEditorAssemblies (899ms)
				LogAssemblyErrors (0ms)
				InitializePlatformSupportModulesInManaged (13ms)
				SetLoadedEditorAssemblies (1ms)
				RefreshPlugins (1ms)
				BeforeProcessingInitializeOnLoad (116ms)
				ProcessInitializeOnLoadAttributes (459ms)
				ProcessInitializeOnLoadMethodAttributes (296ms)
				AfterProcessingInitializeOnLoad (13ms)
				EditorAssembliesLoaded (0ms)
			ExecutionOrderSort2 (0ms)
			AwakeInstancesAfterBackupRestoration (11ms)
Platform modules already initialized, skipping
Refreshing native plugins compatible for Editor in 10.74 ms, found 2 plugins.
Preloading 0 native plugins for Editor in 0.00 ms.
Unloading 2476 Unused Serialized files (Serialized files now loaded: 0)
Unloading 56 unused Assets / (311.0 KB). Loaded Objects now: 2979.
Memory consumption went from 97.9 MB to 97.6 MB.
Total: 18.477800 ms (FindLiveObjects: 0.403800 ms CreateObjectMapping: 0.181000 ms MarkObjects: 17.742500 ms  DeleteObjects: 0.147800 ms)

AssetImportParameters requested are different than current active one (requested -> active):
  custom:video-decoder-ogg-theora: a1e56fd34408186e4bbccfd4996cb3dc -> 
  custom:container-muxer-webm: aa71ff27fc2769a1b78a27578f13a17b -> 
  custom:container-demuxer-webm: 4f35f7cbe854078d1ac9338744f61a02 -> 
  custom:video-encoder-webm-vp8: eb34c28f22e8b96e1ab97ce403110664 -> 
  custom:video-codec-MediaFoundation-h265: 746d11721c4dcdbdad8f713fa42b33f4 -> 
  custom:audio-encoder-webm-vorbis: bf7c407c2cedff20999df2af8eb42d56 -> 
  custom:framework-win-MediaFoundation: 216162199b28c13a410421893ffa2e32 -> 
  custom:container-demuxer-ogg: 62fdf1f143b41e24485cea50d1cbac27 -> 
  custom:video-decoder-webm-vp8: 9c59270c3fd7afecdb556c50c9e8de78 -> 
  custom:audio-decoder-ogg-vorbis: bf7c407c2cedff20999df2af8eb42d56 -> 
========================================================================
Received Prepare
Registering precompiled user dll's ...
Registered in 0.013297 seconds.
Begin MonoManager ReloadAssembly
Native extension for WindowsStandalone target not found
Native extension for WebGL target not found
Refreshing native plugins compatible for Editor in 1.84 ms, found 2 plugins.
Preloading 0 native plugins for Editor in 0.00 ms.
Mono: successfully reloaded assembly
- Completed reload, in  2.015 seconds
Domain Reload Profiling:
	ReloadAssembly (2016ms)
		BeginReloadAssembly (284ms)
			ExecutionOrderSort (0ms)
			DisableScriptedObjects (12ms)
			BackupInstance (0ms)
			ReleaseScriptingObjects (0ms)
			CreateAndSetChildDomain (54ms)
		EndReloadAssembly (1498ms)
			LoadAssemblies (211ms)
			RebuildTransferFunctionScriptingTraits (0ms)
			SetupTypeCache (428ms)
			ReleaseScriptCaches (2ms)
			RebuildScriptCaches (61ms)
			SetupLoadedEditorAssemblies (781ms)
				LogAssemblyErrors (0ms)
				InitializePlatformSupportModulesInManaged (13ms)
				SetLoadedEditorAssemblies (1ms)
				RefreshPlugins (2ms)
				BeforeProcessingInitializeOnLoad (104ms)
				ProcessInitializeOnLoadAttributes (380ms)
				ProcessInitializeOnLoadMethodAttributes (262ms)
				AfterProcessingInitializeOnLoad (18ms)
				EditorAssembliesLoaded (1ms)
			ExecutionOrderSort2 (0ms)
			AwakeInstancesAfterBackupRestoration (15ms)
Platform modules already initialized, skipping
Refreshing native plugins compatible for Editor in 6.67 ms, found 2 plugins.
Preloading 0 native plugins for Editor in 0.00 ms.
Unloading 2476 Unused Serialized files (Serialized files now loaded: 0)
Unloading 56 unused Assets / (311.0 KB). Loaded Objects now: 2982.
Memory consumption went from 97.9 MB to 97.6 MB.
Total: 11.656800 ms (FindLiveObjects: 0.308600 ms CreateObjectMapping: 0.118600 ms MarkObjects: 11.087800 ms  DeleteObjects: 0.139900 ms)

AssetImportParameters requested are different than current active one (requested -> active):
  custom:video-decoder-ogg-theora: a1e56fd34408186e4bbccfd4996cb3dc -> 
  custom:container-muxer-webm: aa71ff27fc2769a1b78a27578f13a17b -> 
  custom:container-demuxer-webm: 4f35f7cbe854078d1ac9338744f61a02 -> 
  custom:video-encoder-webm-vp8: eb34c28f22e8b96e1ab97ce403110664 -> 
  custom:video-codec-MediaFoundation-h265: 746d11721c4dcdbdad8f713fa42b33f4 -> 
  custom:audio-encoder-webm-vorbis: bf7c407c2cedff20999df2af8eb42d56 -> 
  custom:framework-win-MediaFoundation: 216162199b28c13a410421893ffa2e32 -> 
  custom:container-demuxer-ogg: 62fdf1f143b41e24485cea50d1cbac27 -> 
  custom:video-decoder-webm-vp8: 9c59270c3fd7afecdb556c50c9e8de78 -> 
  custom:audio-decoder-ogg-vorbis: bf7c407c2cedff20999df2af8eb42d56 -> 
========================================================================
Received Prepare
Registering precompiled user dll's ...
Registered in 0.022936 seconds.
Begin MonoManager ReloadAssembly
Native extension for WindowsStandalone target not found
Native extension for WebGL target not found
Refreshing native plugins compatible for Editor in 1.66 ms, found 2 plugins.
Preloading 0 native plugins for Editor in 0.00 ms.
Mono: successfully reloaded assembly
- Completed reload, in  2.958 seconds
Domain Reload Profiling:
	ReloadAssembly (2960ms)
		BeginReloadAssembly (366ms)
			ExecutionOrderSort (0ms)
			DisableScriptedObjects (17ms)
			BackupInstance (0ms)
			ReleaseScriptingObjects (0ms)
			CreateAndSetChildDomain (86ms)
		EndReloadAssembly (2274ms)
			LoadAssemblies (238ms)
			RebuildTransferFunctionScriptingTraits (0ms)
			SetupTypeCache (574ms)
			ReleaseScriptCaches (3ms)
			RebuildScriptCaches (111ms)
			SetupLoadedEditorAssemblies (1257ms)
				LogAssemblyErrors (0ms)
				InitializePlatformSupportModulesInManaged (16ms)
				SetLoadedEditorAssemblies (1ms)
				RefreshPlugins (2ms)
				BeforeProcessingInitializeOnLoad (178ms)
				ProcessInitializeOnLoadAttributes (669ms)
				ProcessInitializeOnLoadMethodAttributes (362ms)
				AfterProcessingInitializeOnLoad (28ms)
				EditorAssembliesLoaded (1ms)
			ExecutionOrderSort2 (0ms)
			AwakeInstancesAfterBackupRestoration (23ms)
Platform modules already initialized, skipping
Refreshing native plugins compatible for Editor in 18.47 ms, found 2 plugins.
Preloading 0 native plugins for Editor in 0.00 ms.
Unloading 2476 Unused Serialized files (Serialized files now loaded: 0)
Unloading 56 unused Assets / (311.0 KB). Loaded Objects now: 2985.
Memory consumption went from 97.9 MB to 97.6 MB.
Total: 24.888100 ms (FindLiveObjects: 0.603200 ms CreateObjectMapping: 0.404600 ms MarkObjects: 23.634900 ms  DeleteObjects: 0.240600 ms)

AssetImportParameters requested are different than current active one (requested -> active):
  custom:video-decoder-ogg-theora: a1e56fd34408186e4bbccfd4996cb3dc -> 
  custom:container-muxer-webm: aa71ff27fc2769a1b78a27578f13a17b -> 
  custom:container-demuxer-webm: 4f35f7cbe854078d1ac9338744f61a02 -> 
  custom:video-encoder-webm-vp8: eb34c28f22e8b96e1ab97ce403110664 -> 
  custom:video-codec-MediaFoundation-h265: 746d11721c4dcdbdad8f713fa42b33f4 -> 
  custom:audio-encoder-webm-vorbis: bf7c407c2cedff20999df2af8eb42d56 -> 
  custom:framework-win-MediaFoundation: 216162199b28c13a410421893ffa2e32 -> 
  custom:container-demuxer-ogg: 62fdf1f143b41e24485cea50d1cbac27 -> 
  custom:video-decoder-webm-vp8: 9c59270c3fd7afecdb556c50c9e8de78 -> 
  custom:audio-decoder-ogg-vorbis: bf7c407c2cedff20999df2af8eb42d56 -> 
========================================================================
Received Prepare
Registering precompiled user dll's ...
Registered in 0.016997 seconds.
Begin MonoManager ReloadAssembly
Native extension for WindowsStandalone target not found
Native extension for WebGL target not found
Refreshing native plugins compatible for Editor in 1.80 ms, found 2 plugins.
Preloading 0 native plugins for Editor in 0.00 ms.
Mono: successfully reloaded assembly
- Completed reload, in  3.550 seconds
Domain Reload Profiling:
	ReloadAssembly (3552ms)
		BeginReloadAssembly (497ms)
			ExecutionOrderSort (0ms)
			DisableScriptedObjects (22ms)
			BackupInstance (0ms)
			ReleaseScriptingObjects (0ms)
			CreateAndSetChildDomain (112ms)
		EndReloadAssembly (2640ms)
			LoadAssemblies (332ms)
			RebuildTransferFunctionScriptingTraits (0ms)
			SetupTypeCache (690ms)
			ReleaseScriptCaches (3ms)
			RebuildScriptCaches (135ms)
			SetupLoadedEditorAssemblies (1427ms)
				LogAssemblyErrors (0ms)
				InitializePlatformSupportModulesInManaged (23ms)
				SetLoadedEditorAssemblies (1ms)
				RefreshPlugins (2ms)
				BeforeProcessingInitializeOnLoad (185ms)
				ProcessInitializeOnLoadAttributes (611ms)
				ProcessInitializeOnLoadMethodAttributes (558ms)
				AfterProcessingInitializeOnLoad (46ms)
				EditorAssembliesLoaded (1ms)
			ExecutionOrderSort2 (0ms)
			AwakeInstancesAfterBackupRestoration (28ms)
Platform modules already initialized, skipping
Refreshing native plugins compatible for Editor in 14.95 ms, found 2 plugins.
Preloading 0 native plugins for Editor in 0.00 ms.
Unloading 2476 Unused Serialized files (Serialized files now loaded: 0)
Unloading 56 unused Assets / (311.0 KB). Loaded Objects now: 2988.
Memory consumption went from 97.9 MB to 97.6 MB.
Total: 27.813500 ms (FindLiveObjects: 0.636900 ms CreateObjectMapping: 0.327800 ms MarkObjects: 26.665000 ms  DeleteObjects: 0.179700 ms)

AssetImportParameters requested are different than current active one (requested -> active):
  custom:video-decoder-ogg-theora: a1e56fd34408186e4bbccfd4996cb3dc -> 
  custom:container-muxer-webm: aa71ff27fc2769a1b78a27578f13a17b -> 
  custom:container-demuxer-webm: 4f35f7cbe854078d1ac9338744f61a02 -> 
  custom:video-encoder-webm-vp8: eb34c28f22e8b96e1ab97ce403110664 -> 
  custom:video-codec-MediaFoundation-h265: 746d11721c4dcdbdad8f713fa42b33f4 -> 
  custom:audio-encoder-webm-vorbis: bf7c407c2cedff20999df2af8eb42d56 -> 
  custom:framework-win-MediaFoundation: 216162199b28c13a410421893ffa2e32 -> 
  custom:container-demuxer-ogg: 62fdf1f143b41e24485cea50d1cbac27 -> 
  custom:video-decoder-webm-vp8: 9c59270c3fd7afecdb556c50c9e8de78 -> 
  custom:audio-decoder-ogg-vorbis: bf7c407c2cedff20999df2af8eb42d56 -> 
========================================================================
Received Prepare
Registering precompiled user dll's ...
Registered in 0.013759 seconds.
Begin MonoManager ReloadAssembly
Native extension for WindowsStandalone target not found
Native extension for WebGL target not found
Refreshing native plugins compatible for Editor in 1.78 ms, found 2 plugins.
Preloading 0 native plugins for Editor in 0.00 ms.
Mono: successfully reloaded assembly
- Completed reload, in  2.942 seconds
Domain Reload Profiling:
	ReloadAssembly (2943ms)
		BeginReloadAssembly (451ms)
			ExecutionOrderSort (0ms)
			DisableScriptedObjects (22ms)
			BackupInstance (0ms)
			ReleaseScriptingObjects (0ms)
			CreateAndSetChildDomain (94ms)
		EndReloadAssembly (2164ms)
			LoadAssemblies (323ms)
			RebuildTransferFunctionScriptingTraits (0ms)
			SetupTypeCache (708ms)
			ReleaseScriptCaches (2ms)
			RebuildScriptCaches (108ms)
			SetupLoadedEditorAssemblies (1040ms)
				LogAssemblyErrors (0ms)
				InitializePlatformSupportModulesInManaged (17ms)
				SetLoadedEditorAssemblies (1ms)
				RefreshPlugins (2ms)
				BeforeProcessingInitializeOnLoad (159ms)
				ProcessInitializeOnLoadAttributes (449ms)
				ProcessInitializeOnLoadMethodAttributes (393ms)
				AfterProcessingInitializeOnLoad (17ms)
				EditorAssembliesLoaded (0ms)
			ExecutionOrderSort2 (0ms)
			AwakeInstancesAfterBackupRestoration (12ms)
Platform modules already initialized, skipping
Refreshing native plugins compatible for Editor in 9.17 ms, found 2 plugins.
Preloading 0 native plugins for Editor in 0.00 ms.
Unloading 2476 Unused Serialized files (Serialized files now loaded: 0)
Unloading 56 unused Assets / (311.1 KB). Loaded Objects now: 2991.
Memory consumption went from 97.9 MB to 97.6 MB.
Total: 15.044900 ms (FindLiveObjects: 0.329500 ms CreateObjectMapping: 0.123100 ms MarkObjects: 14.429700 ms  DeleteObjects: 0.160500 ms)

AssetImportParameters requested are different than current active one (requested -> active):
  custom:video-decoder-ogg-theora: a1e56fd34408186e4bbccfd4996cb3dc -> 
  custom:container-muxer-webm: aa71ff27fc2769a1b78a27578f13a17b -> 
  custom:container-demuxer-webm: 4f35f7cbe854078d1ac9338744f61a02 -> 
  custom:video-encoder-webm-vp8: eb34c28f22e8b96e1ab97ce403110664 -> 
  custom:video-codec-MediaFoundation-h265: 746d11721c4dcdbdad8f713fa42b33f4 -> 
  custom:audio-encoder-webm-vorbis: bf7c407c2cedff20999df2af8eb42d56 -> 
  custom:framework-win-MediaFoundation: 216162199b28c13a410421893ffa2e32 -> 
  custom:container-demuxer-ogg: 62fdf1f143b41e24485cea50d1cbac27 -> 
  custom:video-decoder-webm-vp8: 9c59270c3fd7afecdb556c50c9e8de78 -> 
  custom:audio-decoder-ogg-vorbis: bf7c407c2cedff20999df2af8eb42d56 -> 
========================================================================
Received Prepare
Registering precompiled user dll's ...
Registered in 0.012433 seconds.
Begin MonoManager ReloadAssembly
Native extension for WindowsStandalone target not found
Native extension for WebGL target not found
Refreshing native plugins compatible for Editor in 1.26 ms, found 2 plugins.
Preloading 0 native plugins for Editor in 0.00 ms.
Mono: successfully reloaded assembly
- Completed reload, in  2.449 seconds
Domain Reload Profiling:
	ReloadAssembly (2450ms)
		BeginReloadAssembly (357ms)
			ExecutionOrderSort (0ms)
			DisableScriptedObjects (16ms)
			BackupInstance (0ms)
			ReleaseScriptingObjects (0ms)
			CreateAndSetChildDomain (82ms)
		EndReloadAssembly (1809ms)
			LoadAssemblies (226ms)
			RebuildTransferFunctionScriptingTraits (0ms)
			SetupTypeCache (566ms)
			ReleaseScriptCaches (2ms)
			RebuildScriptCaches (112ms)
			SetupLoadedEditorAssemblies (865ms)
				LogAssemblyErrors (0ms)
				InitializePlatformSupportModulesInManaged (14ms)
				SetLoadedEditorAssemblies (1ms)
				RefreshPlugins (1ms)
				BeforeProcessingInitializeOnLoad (136ms)
				ProcessInitializeOnLoadAttributes (452ms)
				ProcessInitializeOnLoadMethodAttributes (248ms)
				AfterProcessingInitializeOnLoad (12ms)
				EditorAssembliesLoaded (0ms)
			ExecutionOrderSort2 (0ms)
			AwakeInstancesAfterBackupRestoration (10ms)
Platform modules already initialized, skipping
Refreshing native plugins compatible for Editor in 7.42 ms, found 2 plugins.
Preloading 0 native plugins for Editor in 0.00 ms.
Unloading 2476 Unused Serialized files (Serialized files now loaded: 0)
Unloading 56 unused Assets / (310.9 KB). Loaded Objects now: 2994.
Memory consumption went from 97.9 MB to 97.6 MB.
Total: 11.241000 ms (FindLiveObjects: 0.462800 ms CreateObjectMapping: 0.191200 ms MarkObjects: 10.443500 ms  DeleteObjects: 0.141300 ms)

AssetImportParameters requested are different than current active one (requested -> active):
  custom:video-decoder-ogg-theora: a1e56fd34408186e4bbccfd4996cb3dc -> 
  custom:container-muxer-webm: aa71ff27fc2769a1b78a27578f13a17b -> 
  custom:container-demuxer-webm: 4f35f7cbe854078d1ac9338744f61a02 -> 
  custom:video-encoder-webm-vp8: eb34c28f22e8b96e1ab97ce403110664 -> 
  custom:video-codec-MediaFoundation-h265: 746d11721c4dcdbdad8f713fa42b33f4 -> 
  custom:audio-encoder-webm-vorbis: bf7c407c2cedff20999df2af8eb42d56 -> 
  custom:framework-win-MediaFoundation: 216162199b28c13a410421893ffa2e32 -> 
  custom:container-demuxer-ogg: 62fdf1f143b41e24485cea50d1cbac27 -> 
  custom:video-decoder-webm-vp8: 9c59270c3fd7afecdb556c50c9e8de78 -> 
  custom:audio-decoder-ogg-vorbis: bf7c407c2cedff20999df2af8eb42d56 -> 
========================================================================
Received Prepare
Registering precompiled user dll's ...
Registered in 0.008014 seconds.
Begin MonoManager ReloadAssembly
Native extension for WindowsStandalone target not found
Native extension for WebGL target not found
Refreshing native plugins compatible for Editor in 1.40 ms, found 2 plugins.
Preloading 0 native plugins for Editor in 0.00 ms.
Mono: successfully reloaded assembly
- Completed reload, in  3.368 seconds
Domain Reload Profiling:
	ReloadAssembly (3370ms)
		BeginReloadAssembly (370ms)
			ExecutionOrderSort (0ms)
			DisableScriptedObjects (14ms)
			BackupInstance (0ms)
			ReleaseScriptingObjects (0ms)
			CreateAndSetChildDomain (74ms)
		EndReloadAssembly (2698ms)
			LoadAssemblies (256ms)
			RebuildTransferFunctionScriptingTraits (0ms)
			SetupTypeCache (662ms)
			ReleaseScriptCaches (3ms)
			RebuildScriptCaches (139ms)
			SetupLoadedEditorAssemblies (1542ms)
				LogAssemblyErrors (0ms)
				InitializePlatformSupportModulesInManaged (21ms)
				SetLoadedEditorAssemblies (1ms)
				RefreshPlugins (2ms)
				BeforeProcessingInitializeOnLoad (221ms)
				ProcessInitializeOnLoadAttributes (850ms)
				ProcessInitializeOnLoadMethodAttributes (414ms)
				AfterProcessingInitializeOnLoad (31ms)
				EditorAssembliesLoaded (1ms)
			ExecutionOrderSort2 (0ms)
			AwakeInstancesAfterBackupRestoration (24ms)
Platform modules already initialized, skipping
Refreshing native plugins compatible for Editor in 22.03 ms, found 2 plugins.
Preloading 0 native plugins for Editor in 0.00 ms.
Unloading 2476 Unused Serialized files (Serialized files now loaded: 0)
Unloading 56 unused Assets / (310.7 KB). Loaded Objects now: 2997.
Memory consumption went from 97.9 MB to 97.6 MB.
Total: 21.069500 ms (FindLiveObjects: 0.613600 ms CreateObjectMapping: 0.349600 ms MarkObjects: 19.887200 ms  DeleteObjects: 0.214300 ms)

AssetImportParameters requested are different than current active one (requested -> active):
  custom:video-decoder-ogg-theora: a1e56fd34408186e4bbccfd4996cb3dc -> 
  custom:container-muxer-webm: aa71ff27fc2769a1b78a27578f13a17b -> 
  custom:container-demuxer-webm: 4f35f7cbe854078d1ac9338744f61a02 -> 
  custom:video-encoder-webm-vp8: eb34c28f22e8b96e1ab97ce403110664 -> 
  custom:video-codec-MediaFoundation-h265: 746d11721c4dcdbdad8f713fa42b33f4 -> 
  custom:audio-encoder-webm-vorbis: bf7c407c2cedff20999df2af8eb42d56 -> 
  custom:framework-win-MediaFoundation: 216162199b28c13a410421893ffa2e32 -> 
  custom:container-demuxer-ogg: 62fdf1f143b41e24485cea50d1cbac27 -> 
  custom:video-decoder-webm-vp8: 9c59270c3fd7afecdb556c50c9e8de78 -> 
  custom:audio-decoder-ogg-vorbis: bf7c407c2cedff20999df2af8eb42d56 -> 
========================================================================
Received Prepare
Registering precompiled user dll's ...
Registered in 0.009576 seconds.
Begin MonoManager ReloadAssembly
Native extension for WindowsStandalone target not found
Native extension for WebGL target not found
Refreshing native plugins compatible for Editor in 1.14 ms, found 2 plugins.
Preloading 0 native plugins for Editor in 0.00 ms.
Mono: successfully reloaded assembly
- Completed reload, in  2.875 seconds
Domain Reload Profiling:
	ReloadAssembly (2876ms)
		BeginReloadAssembly (350ms)
			ExecutionOrderSort (0ms)
			DisableScriptedObjects (17ms)
			BackupInstance (0ms)
			ReleaseScriptingObjects (0ms)
			CreateAndSetChildDomain (81ms)
		EndReloadAssembly (2249ms)
			LoadAssemblies (236ms)
			RebuildTransferFunctionScriptingTraits (0ms)
			SetupTypeCache (568ms)
			ReleaseScriptCaches (2ms)
			RebuildScriptCaches (102ms)
			SetupLoadedEditorAssemblies (1302ms)
				LogAssemblyErrors (0ms)
				InitializePlatformSupportModulesInManaged (13ms)
				SetLoadedEditorAssemblies (1ms)
				RefreshPlugins (1ms)
				BeforeProcessingInitializeOnLoad (207ms)
				ProcessInitializeOnLoadAttributes (684ms)
				ProcessInitializeOnLoadMethodAttributes (373ms)
				AfterProcessingInitializeOnLoad (23ms)
				EditorAssembliesLoaded (1ms)
			ExecutionOrderSort2 (0ms)
			AwakeInstancesAfterBackupRestoration (20ms)
Platform modules already initialized, skipping
Refreshing native plugins compatible for Editor in 12.99 ms, found 2 plugins.
Preloading 0 native plugins for Editor in 0.00 ms.
Unloading 2476 Unused Serialized files (Serialized files now loaded: 0)
Unloading 56 unused Assets / (311.0 KB). Loaded Objects now: 3000.
Memory consumption went from 97.9 MB to 97.6 MB.
Total: 15.781700 ms (FindLiveObjects: 0.381600 ms CreateObjectMapping: 0.212400 ms MarkObjects: 15.003300 ms  DeleteObjects: 0.181200 ms)

AssetImportParameters requested are different than current active one (requested -> active):
  custom:video-decoder-ogg-theora: a1e56fd34408186e4bbccfd4996cb3dc -> 
  custom:container-muxer-webm: aa71ff27fc2769a1b78a27578f13a17b -> 
  custom:container-demuxer-webm: 4f35f7cbe854078d1ac9338744f61a02 -> 
  custom:video-encoder-webm-vp8: eb34c28f22e8b96e1ab97ce403110664 -> 
  custom:video-codec-MediaFoundation-h265: 746d11721c4dcdbdad8f713fa42b33f4 -> 
  custom:audio-encoder-webm-vorbis: bf7c407c2cedff20999df2af8eb42d56 -> 
  custom:framework-win-MediaFoundation: 216162199b28c13a410421893ffa2e32 -> 
  custom:container-demuxer-ogg: 62fdf1f143b41e24485cea50d1cbac27 -> 
  custom:video-decoder-webm-vp8: 9c59270c3fd7afecdb556c50c9e8de78 -> 
  custom:audio-decoder-ogg-vorbis: bf7c407c2cedff20999df2af8eb42d56 -> 
========================================================================
Received Prepare
Registering precompiled user dll's ...
Registered in 0.015104 seconds.
Begin MonoManager ReloadAssembly
Native extension for WindowsStandalone target not found
Native extension for WebGL target not found
Refreshing native plugins compatible for Editor in 1.15 ms, found 2 plugins.
Preloading 0 native plugins for Editor in 0.00 ms.
Mono: successfully reloaded assembly
- Completed reload, in  3.378 seconds
Domain Reload Profiling:
	ReloadAssembly (3380ms)
		BeginReloadAssembly (454ms)
			ExecutionOrderSort (0ms)
			DisableScriptedObjects (18ms)
			BackupInstance (0ms)
			ReleaseScriptingObjects (0ms)
			CreateAndSetChildDomain (74ms)
		EndReloadAssembly (2480ms)
			LoadAssemblies (359ms)
			RebuildTransferFunctionScriptingTraits (0ms)
			SetupTypeCache (904ms)
			ReleaseScriptCaches (3ms)
			RebuildScriptCaches (168ms)
			SetupLoadedEditorAssemblies (1010ms)
				LogAssemblyErrors (0ms)
				InitializePlatformSupportModulesInManaged (15ms)
				SetLoadedEditorAssemblies (1ms)
				RefreshPlugins (1ms)
				BeforeProcessingInitializeOnLoad (174ms)
				ProcessInitializeOnLoadAttributes (515ms)
				ProcessInitializeOnLoadMethodAttributes (284ms)
				AfterProcessingInitializeOnLoad (18ms)
				EditorAssembliesLoaded (1ms)
			ExecutionOrderSort2 (0ms)
			AwakeInstancesAfterBackupRestoration (18ms)
Platform modules already initialized, skipping
Refreshing native plugins compatible for Editor in 10.63 ms, found 2 plugins.
Preloading 0 native plugins for Editor in 0.00 ms.
Unloading 2476 Unused Serialized files (Serialized files now loaded: 0)
Unloading 56 unused Assets / (310.7 KB). Loaded Objects now: 3003.
Memory consumption went from 97.9 MB to 97.6 MB.
Total: 17.524900 ms (FindLiveObjects: 0.408300 ms CreateObjectMapping: 0.146900 ms MarkObjects: 16.792900 ms  DeleteObjects: 0.174300 ms)

AssetImportParameters requested are different than current active one (requested -> active):
  custom:video-decoder-ogg-theora: a1e56fd34408186e4bbccfd4996cb3dc -> 
  custom:container-muxer-webm: aa71ff27fc2769a1b78a27578f13a17b -> 
  custom:container-demuxer-webm: 4f35f7cbe854078d1ac9338744f61a02 -> 
  custom:video-encoder-webm-vp8: eb34c28f22e8b96e1ab97ce403110664 -> 
  custom:video-codec-MediaFoundation-h265: 746d11721c4dcdbdad8f713fa42b33f4 -> 
  custom:audio-encoder-webm-vorbis: bf7c407c2cedff20999df2af8eb42d56 -> 
  custom:framework-win-MediaFoundation: 216162199b28c13a410421893ffa2e32 -> 
  custom:container-demuxer-ogg: 62fdf1f143b41e24485cea50d1cbac27 -> 
  custom:video-decoder-webm-vp8: 9c59270c3fd7afecdb556c50c9e8de78 -> 
  custom:audio-decoder-ogg-vorbis: bf7c407c2cedff20999df2af8eb42d56 -> 
========================================================================
Received Prepare
Registering precompiled user dll's ...
Registered in 0.009291 seconds.
Begin MonoManager ReloadAssembly
Native extension for WindowsStandalone target not found
Native extension for WebGL target not found
Refreshing native plugins compatible for Editor in 1.56 ms, found 2 plugins.
Preloading 0 native plugins for Editor in 0.00 ms.
Mono: successfully reloaded assembly
- Completed reload, in  2.412 seconds
Domain Reload Profiling:
	ReloadAssembly (2414ms)
		BeginReloadAssembly (379ms)
			ExecutionOrderSort (0ms)
			DisableScriptedObjects (13ms)
			BackupInstance (0ms)
			ReleaseScriptingObjects (0ms)
			CreateAndSetChildDomain (109ms)
		EndReloadAssembly (1702ms)
			LoadAssemblies (241ms)
			RebuildTransferFunctionScriptingTraits (0ms)
			SetupTypeCache (480ms)
			ReleaseScriptCaches (2ms)
			RebuildScriptCaches (87ms)
			SetupLoadedEditorAssemblies (893ms)
				LogAssemblyErrors (0ms)
				InitializePlatformSupportModulesInManaged (16ms)
				SetLoadedEditorAssemblies (1ms)
				RefreshPlugins (2ms)
				BeforeProcessingInitializeOnLoad (102ms)
				ProcessInitializeOnLoadAttributes (454ms)
				ProcessInitializeOnLoadMethodAttributes (302ms)
				AfterProcessingInitializeOnLoad (15ms)
				EditorAssembliesLoaded (0ms)
			ExecutionOrderSort2 (0ms)
			AwakeInstancesAfterBackupRestoration (16ms)
Platform modules already initialized, skipping
Refreshing native plugins compatible for Editor in 8.46 ms, found 2 plugins.
Preloading 0 native plugins for Editor in 0.00 ms.
Unloading 2476 Unused Serialized files (Serialized files now loaded: 0)
Unloading 56 unused Assets / (310.7 KB). Loaded Objects now: 3006.
Memory consumption went from 97.9 MB to 97.6 MB.
Total: 13.422700 ms (FindLiveObjects: 0.383100 ms CreateObjectMapping: 0.206600 ms MarkObjects: 12.664700 ms  DeleteObjects: 0.165600 ms)

AssetImportParameters requested are different than current active one (requested -> active):
  custom:video-decoder-ogg-theora: a1e56fd34408186e4bbccfd4996cb3dc -> 
  custom:container-muxer-webm: aa71ff27fc2769a1b78a27578f13a17b -> 
  custom:container-demuxer-webm: 4f35f7cbe854078d1ac9338744f61a02 -> 
  custom:video-encoder-webm-vp8: eb34c28f22e8b96e1ab97ce403110664 -> 
  custom:video-codec-MediaFoundation-h265: 746d11721c4dcdbdad8f713fa42b33f4 -> 
  custom:audio-encoder-webm-vorbis: bf7c407c2cedff20999df2af8eb42d56 -> 
  custom:framework-win-MediaFoundation: 216162199b28c13a410421893ffa2e32 -> 
  custom:container-demuxer-ogg: 62fdf1f143b41e24485cea50d1cbac27 -> 
  custom:video-decoder-webm-vp8: 9c59270c3fd7afecdb556c50c9e8de78 -> 
  custom:audio-decoder-ogg-vorbis: bf7c407c2cedff20999df2af8eb42d56 -> 
========================================================================
Received Import Request.
  Time since last request: 10441.544089 seconds.
  path: Assets/Scripts/Managers/GameManager.cs
  artifactKey: Guid(6c477fe23fbd13e498a3f53e103cf8d2) Importer(815301076,1909f56bfc062723c751e8b465ee728b)
Start importing Assets/Scripts/Managers/GameManager.cs using Guid(6c477fe23fbd13e498a3f53e103cf8d2) Importer(815301076,1909f56bfc062723c751e8b465ee728b)  -> (artifact id: '6b18b3fb07815985fbc504146a960306') in 0.011933 seconds 
========================================================================
Received Prepare
Registering precompiled user dll's ...
Registered in 0.013285 seconds.
Begin MonoManager ReloadAssembly
Native extension for WindowsStandalone target not found
Native extension for WebGL target not found
Refreshing native plugins compatible for Editor in 1.11 ms, found 2 plugins.
Preloading 0 native plugins for Editor in 0.00 ms.
Mono: successfully reloaded assembly
- Completed reload, in  2.661 seconds
Domain Reload Profiling:
	ReloadAssembly (2663ms)
		BeginReloadAssembly (403ms)
			ExecutionOrderSort (0ms)
			DisableScriptedObjects (13ms)
			BackupInstance (0ms)
			ReleaseScriptingObjects (0ms)
			CreateAndSetChildDomain (84ms)
		EndReloadAssembly (1954ms)
			LoadAssemblies (286ms)
			RebuildTransferFunctionScriptingTraits (0ms)
			SetupTypeCache (610ms)
			ReleaseScriptCaches (2ms)
			RebuildScriptCaches (132ms)
			SetupLoadedEditorAssemblies (915ms)
				LogAssemblyErrors (0ms)
				InitializePlatformSupportModulesInManaged (11ms)
				SetLoadedEditorAssemblies (1ms)
				RefreshPlugins (1ms)
				BeforeProcessingInitializeOnLoad (106ms)
				ProcessInitializeOnLoadAttributes (438ms)
				ProcessInitializeOnLoadMethodAttributes (341ms)
				AfterProcessingInitializeOnLoad (16ms)
				EditorAssembliesLoaded (1ms)
			ExecutionOrderSort2 (0ms)
			AwakeInstancesAfterBackupRestoration (19ms)
Platform modules already initialized, skipping
Refreshing native plugins compatible for Editor in 10.58 ms, found 2 plugins.
Preloading 0 native plugins for Editor in 0.00 ms.
Unloading 2476 Unused Serialized files (Serialized files now loaded: 0)
Unloading 56 unused Assets / (310.7 KB). Loaded Objects now: 3009.
Memory consumption went from 97.9 MB to 97.6 MB.
Total: 11.735200 ms (FindLiveObjects: 0.419700 ms CreateObjectMapping: 0.279500 ms MarkObjects: 10.892500 ms  DeleteObjects: 0.141500 ms)

AssetImportParameters requested are different than current active one (requested -> active):
  custom:video-decoder-ogg-theora: a1e56fd34408186e4bbccfd4996cb3dc -> 
  custom:container-muxer-webm: aa71ff27fc2769a1b78a27578f13a17b -> 
  custom:container-demuxer-webm: 4f35f7cbe854078d1ac9338744f61a02 -> 
  custom:video-encoder-webm-vp8: eb34c28f22e8b96e1ab97ce403110664 -> 
  custom:video-codec-MediaFoundation-h265: 746d11721c4dcdbdad8f713fa42b33f4 -> 
  custom:audio-encoder-webm-vorbis: bf7c407c2cedff20999df2af8eb42d56 -> 
  custom:framework-win-MediaFoundation: 216162199b28c13a410421893ffa2e32 -> 
  custom:container-demuxer-ogg: 62fdf1f143b41e24485cea50d1cbac27 -> 
  custom:video-decoder-webm-vp8: 9c59270c3fd7afecdb556c50c9e8de78 -> 
  custom:audio-decoder-ogg-vorbis: bf7c407c2cedff20999df2af8eb42d56 -> 
========================================================================
Received Import Request.
  Time since last request: 22.645181 seconds.
  path: Assets/Scripts/Managers/GameManager.cs
  artifactKey: Guid(6c477fe23fbd13e498a3f53e103cf8d2) Importer(815301076,1909f56bfc062723c751e8b465ee728b)
Start importing Assets/Scripts/Managers/GameManager.cs using Guid(6c477fe23fbd13e498a3f53e103cf8d2) Importer(815301076,1909f56bfc062723c751e8b465ee728b)  -> (artifact id: '77dc2ab615d771e2e357463cac74e38a') in 0.011747 seconds 
========================================================================
Received Prepare
Registering precompiled user dll's ...
Registered in 0.022899 seconds.
Begin MonoManager ReloadAssembly
Native extension for WindowsStandalone target not found
Native extension for WebGL target not found
Refreshing native plugins compatible for Editor in 3.33 ms, found 2 plugins.
Preloading 0 native plugins for Editor in 0.00 ms.
Mono: successfully reloaded assembly
- Completed reload, in  5.530 seconds
Domain Reload Profiling:
	ReloadAssembly (5535ms)
		BeginReloadAssembly (1084ms)
			ExecutionOrderSort (0ms)
			DisableScriptedObjects (44ms)
			BackupInstance (0ms)
			ReleaseScriptingObjects (0ms)
			CreateAndSetChildDomain (219ms)
		EndReloadAssembly (3707ms)
			LoadAssemblies (763ms)
			RebuildTransferFunctionScriptingTraits (0ms)
			SetupTypeCache (1008ms)
			ReleaseScriptCaches (10ms)
			RebuildScriptCaches (363ms)
			SetupLoadedEditorAssemblies (1579ms)
				LogAssemblyErrors (0ms)
				InitializePlatformSupportModulesInManaged (36ms)
				SetLoadedEditorAssemblies (3ms)
				RefreshPlugins (4ms)
				BeforeProcessingInitializeOnLoad (213ms)
				ProcessInitializeOnLoadAttributes (820ms)
				ProcessInitializeOnLoadMethodAttributes (479ms)
				AfterProcessingInitializeOnLoad (22ms)
				EditorAssembliesLoaded (1ms)
			ExecutionOrderSort2 (0ms)
			AwakeInstancesAfterBackupRestoration (20ms)
Platform modules already initialized, skipping
Refreshing native plugins compatible for Editor in 24.41 ms, found 2 plugins.
Preloading 0 native plugins for Editor in 0.00 ms.
Unloading 2476 Unused Serialized files (Serialized files now loaded: 0)
Unloading 56 unused Assets / (310.6 KB). Loaded Objects now: 3012.
Memory consumption went from 98.0 MB to 97.7 MB.
Total: 29.171100 ms (FindLiveObjects: 0.576400 ms CreateObjectMapping: 0.317400 ms MarkObjects: 27.944700 ms  DeleteObjects: 0.328400 ms)

AssetImportParameters requested are different than current active one (requested -> active):
  custom:video-decoder-ogg-theora: a1e56fd34408186e4bbccfd4996cb3dc -> 
  custom:container-muxer-webm: aa71ff27fc2769a1b78a27578f13a17b -> 
  custom:container-demuxer-webm: 4f35f7cbe854078d1ac9338744f61a02 -> 
  custom:video-encoder-webm-vp8: eb34c28f22e8b96e1ab97ce403110664 -> 
  custom:video-codec-MediaFoundation-h265: 746d11721c4dcdbdad8f713fa42b33f4 -> 
  custom:audio-encoder-webm-vorbis: bf7c407c2cedff20999df2af8eb42d56 -> 
  custom:framework-win-MediaFoundation: 216162199b28c13a410421893ffa2e32 -> 
  custom:container-demuxer-ogg: 62fdf1f143b41e24485cea50d1cbac27 -> 
  custom:video-decoder-webm-vp8: 9c59270c3fd7afecdb556c50c9e8de78 -> 
  custom:audio-decoder-ogg-vorbis: bf7c407c2cedff20999df2af8eb42d56 -> 
========================================================================
Received Prepare
Registering precompiled user dll's ...
Registered in 0.018395 seconds.
Begin MonoManager ReloadAssembly
Native extension for WindowsStandalone target not found
Native extension for WebGL target not found
Refreshing native plugins compatible for Editor in 1.82 ms, found 2 plugins.
Preloading 0 native plugins for Editor in 0.00 ms.
Mono: successfully reloaded assembly
- Completed reload, in  3.100 seconds
Domain Reload Profiling:
	ReloadAssembly (3102ms)
		BeginReloadAssembly (445ms)
			ExecutionOrderSort (0ms)
			DisableScriptedObjects (18ms)
			BackupInstance (0ms)
			ReleaseScriptingObjects (0ms)
			CreateAndSetChildDomain (89ms)
		EndReloadAssembly (2301ms)
			LoadAssemblies (321ms)
			RebuildTransferFunctionScriptingTraits (0ms)
			SetupTypeCache (780ms)
			ReleaseScriptCaches (2ms)
			RebuildScriptCaches (72ms)
			SetupLoadedEditorAssemblies (1116ms)
				LogAssemblyErrors (0ms)
				InitializePlatformSupportModulesInManaged (31ms)
				SetLoadedEditorAssemblies (2ms)
				RefreshPlugins (2ms)
				BeforeProcessingInitializeOnLoad (135ms)
				ProcessInitializeOnLoadAttributes (612ms)
				ProcessInitializeOnLoadMethodAttributes (314ms)
				AfterProcessingInitializeOnLoad (18ms)
				EditorAssembliesLoaded (1ms)
			ExecutionOrderSort2 (0ms)
			AwakeInstancesAfterBackupRestoration (14ms)
Platform modules already initialized, skipping
Refreshing native plugins compatible for Editor in 11.03 ms, found 2 plugins.
Preloading 0 native plugins for Editor in 0.00 ms.
Unloading 2476 Unused Serialized files (Serialized files now loaded: 0)
Unloading 56 unused Assets / (310.8 KB). Loaded Objects now: 3015.
Memory consumption went from 98.0 MB to 97.7 MB.
Total: 17.730400 ms (FindLiveObjects: 0.445500 ms CreateObjectMapping: 0.147600 ms MarkObjects: 16.884100 ms  DeleteObjects: 0.250100 ms)

AssetImportParameters requested are different than current active one (requested -> active):
  custom:video-decoder-ogg-theora: a1e56fd34408186e4bbccfd4996cb3dc -> 
  custom:container-muxer-webm: aa71ff27fc2769a1b78a27578f13a17b -> 
  custom:container-demuxer-webm: 4f35f7cbe854078d1ac9338744f61a02 -> 
  custom:video-encoder-webm-vp8: eb34c28f22e8b96e1ab97ce403110664 -> 
  custom:video-codec-MediaFoundation-h265: 746d11721c4dcdbdad8f713fa42b33f4 -> 
  custom:audio-encoder-webm-vorbis: bf7c407c2cedff20999df2af8eb42d56 -> 
  custom:framework-win-MediaFoundation: 216162199b28c13a410421893ffa2e32 -> 
  custom:container-demuxer-ogg: 62fdf1f143b41e24485cea50d1cbac27 -> 
  custom:video-decoder-webm-vp8: 9c59270c3fd7afecdb556c50c9e8de78 -> 
  custom:audio-decoder-ogg-vorbis: bf7c407c2cedff20999df2af8eb42d56 -> 
========================================================================
Received Import Request.
  Time since last request: 4901.280497 seconds.
  path: Assets/Scripts/Managers/GameManager.cs
  artifactKey: Guid(6c477fe23fbd13e498a3f53e103cf8d2) Importer(815301076,1909f56bfc062723c751e8b465ee728b)
Start importing Assets/Scripts/Managers/GameManager.cs using Guid(6c477fe23fbd13e498a3f53e103cf8d2) Importer(815301076,1909f56bfc062723c751e8b465ee728b)  -> (artifact id: '31926cb5fd4c5160413d204980590035') in 0.015334 seconds 
========================================================================
Received Prepare
Registering precompiled user dll's ...
Registered in 0.006122 seconds.
Begin MonoManager ReloadAssembly
Native extension for WindowsStandalone target not found
Native extension for WebGL target not found
Refreshing native plugins compatible for Editor in 1.25 ms, found 2 plugins.
Preloading 0 native plugins for Editor in 0.00 ms.
Mono: successfully reloaded assembly
- Completed reload, in  2.816 seconds
Domain Reload Profiling:
	ReloadAssembly (2818ms)
		BeginReloadAssembly (456ms)
			ExecutionOrderSort (0ms)
			DisableScriptedObjects (17ms)
			BackupInstance (0ms)
			ReleaseScriptingObjects (0ms)
			CreateAndSetChildDomain (105ms)
		EndReloadAssembly (2009ms)
			LoadAssemblies (300ms)
			RebuildTransferFunctionScriptingTraits (0ms)
			SetupTypeCache (537ms)
			ReleaseScriptCaches (2ms)
			RebuildScriptCaches (114ms)
			SetupLoadedEditorAssemblies (1075ms)
				LogAssemblyErrors (0ms)
				InitializePlatformSupportModulesInManaged (15ms)
				SetLoadedEditorAssemblies (1ms)
				RefreshPlugins (1ms)
				BeforeProcessingInitializeOnLoad (132ms)
				ProcessInitializeOnLoadAttributes (545ms)
				ProcessInitializeOnLoadMethodAttributes (364ms)
				AfterProcessingInitializeOnLoad (16ms)
				EditorAssembliesLoaded (0ms)
			ExecutionOrderSort2 (0ms)
			AwakeInstancesAfterBackupRestoration (11ms)
Platform modules already initialized, skipping
Refreshing native plugins compatible for Editor in 7.04 ms, found 2 plugins.
Preloading 0 native plugins for Editor in 0.00 ms.
Unloading 2476 Unused Serialized files (Serialized files now loaded: 0)
Unloading 56 unused Assets / (311.1 KB). Loaded Objects now: 3018.
Memory consumption went from 98.0 MB to 97.7 MB.
Total: 10.064200 ms (FindLiveObjects: 0.294300 ms CreateObjectMapping: 0.106600 ms MarkObjects: 9.567900 ms  DeleteObjects: 0.093900 ms)

AssetImportParameters requested are different than current active one (requested -> active):
  custom:video-decoder-ogg-theora: a1e56fd34408186e4bbccfd4996cb3dc -> 
  custom:container-muxer-webm: aa71ff27fc2769a1b78a27578f13a17b -> 
  custom:container-demuxer-webm: 4f35f7cbe854078d1ac9338744f61a02 -> 
  custom:video-encoder-webm-vp8: eb34c28f22e8b96e1ab97ce403110664 -> 
  custom:video-codec-MediaFoundation-h265: 746d11721c4dcdbdad8f713fa42b33f4 -> 
  custom:audio-encoder-webm-vorbis: bf7c407c2cedff20999df2af8eb42d56 -> 
  custom:framework-win-MediaFoundation: 216162199b28c13a410421893ffa2e32 -> 
  custom:container-demuxer-ogg: 62fdf1f143b41e24485cea50d1cbac27 -> 
  custom:video-decoder-webm-vp8: 9c59270c3fd7afecdb556c50c9e8de78 -> 
  custom:audio-decoder-ogg-vorbis: bf7c407c2cedff20999df2af8eb42d56 -> 
========================================================================
Received Prepare
Registering precompiled user dll's ...
Registered in 0.011472 seconds.
Begin MonoManager ReloadAssembly
Native extension for WindowsStandalone target not found
Native extension for WebGL target not found
Refreshing native plugins compatible for Editor in 1.70 ms, found 2 plugins.
Preloading 0 native plugins for Editor in 0.00 ms.
Mono: successfully reloaded assembly
- Completed reload, in  2.741 seconds
Domain Reload Profiling:
	ReloadAssembly (2742ms)
		BeginReloadAssembly (289ms)
			ExecutionOrderSort (0ms)
			DisableScriptedObjects (11ms)
			BackupInstance (0ms)
			ReleaseScriptingObjects (0ms)
			CreateAndSetChildDomain (62ms)
		EndReloadAssembly (2212ms)
			LoadAssemblies (204ms)
			RebuildTransferFunctionScriptingTraits (0ms)
			SetupTypeCache (485ms)
			ReleaseScriptCaches (2ms)
			RebuildScriptCaches (72ms)
			SetupLoadedEditorAssemblies (1360ms)
				LogAssemblyErrors (0ms)
				InitializePlatformSupportModulesInManaged (21ms)
				SetLoadedEditorAssemblies (1ms)
				RefreshPlugins (2ms)
				BeforeProcessingInitializeOnLoad (191ms)
				ProcessInitializeOnLoadAttributes (689ms)
				ProcessInitializeOnLoadMethodAttributes (433ms)
				AfterProcessingInitializeOnLoad (22ms)
				EditorAssembliesLoaded (1ms)
			ExecutionOrderSort2 (0ms)
			AwakeInstancesAfterBackupRestoration (18ms)
Platform modules already initialized, skipping
Refreshing native plugins compatible for Editor in 16.94 ms, found 2 plugins.
Preloading 0 native plugins for Editor in 0.00 ms.
Unloading 2476 Unused Serialized files (Serialized files now loaded: 0)
Unloading 56 unused Assets / (310.8 KB). Loaded Objects now: 3021.
Memory consumption went from 98.0 MB to 97.7 MB.
Total: 21.279900 ms (FindLiveObjects: 0.430000 ms CreateObjectMapping: 0.166400 ms MarkObjects: 20.540900 ms  DeleteObjects: 0.140000 ms)

AssetImportParameters requested are different than current active one (requested -> active):
  custom:video-decoder-ogg-theora: a1e56fd34408186e4bbccfd4996cb3dc -> 
  custom:container-muxer-webm: aa71ff27fc2769a1b78a27578f13a17b -> 
  custom:container-demuxer-webm: 4f35f7cbe854078d1ac9338744f61a02 -> 
  custom:video-encoder-webm-vp8: eb34c28f22e8b96e1ab97ce403110664 -> 
  custom:video-codec-MediaFoundation-h265: 746d11721c4dcdbdad8f713fa42b33f4 -> 
  custom:audio-encoder-webm-vorbis: bf7c407c2cedff20999df2af8eb42d56 -> 
  custom:framework-win-MediaFoundation: 216162199b28c13a410421893ffa2e32 -> 
  custom:container-demuxer-ogg: 62fdf1f143b41e24485cea50d1cbac27 -> 
  custom:video-decoder-webm-vp8: 9c59270c3fd7afecdb556c50c9e8de78 -> 
  custom:audio-decoder-ogg-vorbis: bf7c407c2cedff20999df2af8eb42d56 -> 
========================================================================
Received Prepare
Registering precompiled user dll's ...
Registered in 0.012977 seconds.
Begin MonoManager ReloadAssembly
Native extension for WindowsStandalone target not found
Native extension for WebGL target not found
Refreshing native plugins compatible for Editor in 1.46 ms, found 2 plugins.
Preloading 0 native plugins for Editor in 0.00 ms.
Mono: successfully reloaded assembly
- Completed reload, in  2.486 seconds
Domain Reload Profiling:
	ReloadAssembly (2489ms)
		BeginReloadAssembly (290ms)
			ExecutionOrderSort (0ms)
			DisableScriptedObjects (17ms)
			BackupInstance (0ms)
			ReleaseScriptingObjects (0ms)
			CreateAndSetChildDomain (59ms)
		EndReloadAssembly (1951ms)
			LoadAssemblies (186ms)
			RebuildTransferFunctionScriptingTraits (0ms)
			SetupTypeCache (487ms)
			ReleaseScriptCaches (2ms)
			RebuildScriptCaches (101ms)
			SetupLoadedEditorAssemblies (1083ms)
				LogAssemblyErrors (0ms)
				InitializePlatformSupportModulesInManaged (14ms)
				SetLoadedEditorAssemblies (1ms)
				RefreshPlugins (2ms)
				BeforeProcessingInitializeOnLoad (189ms)
				ProcessInitializeOnLoadAttributes (536ms)
				ProcessInitializeOnLoadMethodAttributes (322ms)
				AfterProcessingInitializeOnLoad (19ms)
				EditorAssembliesLoaded (1ms)
			ExecutionOrderSort2 (0ms)
			AwakeInstancesAfterBackupRestoration (18ms)
Platform modules already initialized, skipping
Refreshing native plugins compatible for Editor in 15.05 ms, found 2 plugins.
Preloading 0 native plugins for Editor in 0.00 ms.
Unloading 2476 Unused Serialized files (Serialized files now loaded: 0)
Unloading 56 unused Assets / (311.0 KB). Loaded Objects now: 3024.
Memory consumption went from 98.0 MB to 97.7 MB.
Total: 16.515700 ms (FindLiveObjects: 0.405600 ms CreateObjectMapping: 0.214900 ms MarkObjects: 15.753100 ms  DeleteObjects: 0.139300 ms)

AssetImportParameters requested are different than current active one (requested -> active):
  custom:video-decoder-ogg-theora: a1e56fd34408186e4bbccfd4996cb3dc -> 
  custom:container-muxer-webm: aa71ff27fc2769a1b78a27578f13a17b -> 
  custom:container-demuxer-webm: 4f35f7cbe854078d1ac9338744f61a02 -> 
  custom:video-encoder-webm-vp8: eb34c28f22e8b96e1ab97ce403110664 -> 
  custom:video-codec-MediaFoundation-h265: 746d11721c4dcdbdad8f713fa42b33f4 -> 
  custom:audio-encoder-webm-vorbis: bf7c407c2cedff20999df2af8eb42d56 -> 
  custom:framework-win-MediaFoundation: 216162199b28c13a410421893ffa2e32 -> 
  custom:container-demuxer-ogg: 62fdf1f143b41e24485cea50d1cbac27 -> 
  custom:video-decoder-webm-vp8: 9c59270c3fd7afecdb556c50c9e8de78 -> 
  custom:audio-decoder-ogg-vorbis: bf7c407c2cedff20999df2af8eb42d56 -> 
========================================================================
Received Prepare
Registering precompiled user dll's ...
Registered in 0.006765 seconds.
Begin MonoManager ReloadAssembly
Native extension for WindowsStandalone target not found
Native extension for WebGL target not found
Refreshing native plugins compatible for Editor in 1.51 ms, found 2 plugins.
Preloading 0 native plugins for Editor in 0.00 ms.
Mono: successfully reloaded assembly
- Completed reload, in  2.561 seconds
Domain Reload Profiling:
	ReloadAssembly (2562ms)
		BeginReloadAssembly (334ms)
			ExecutionOrderSort (0ms)
			DisableScriptedObjects (12ms)
			BackupInstance (0ms)
			ReleaseScriptingObjects (0ms)
			CreateAndSetChildDomain (75ms)
		EndReloadAssembly (1983ms)
			LoadAssemblies (229ms)
			RebuildTransferFunctionScriptingTraits (0ms)
			SetupTypeCache (527ms)
			ReleaseScriptCaches (2ms)
			RebuildScriptCaches (89ms)
			SetupLoadedEditorAssemblies (1076ms)
				LogAssemblyErrors (0ms)
				InitializePlatformSupportModulesInManaged (18ms)
				SetLoadedEditorAssemblies (1ms)
				RefreshPlugins (2ms)
				BeforeProcessingInitializeOnLoad (152ms)
				ProcessInitializeOnLoadAttributes (553ms)
				ProcessInitializeOnLoadMethodAttributes (331ms)
				AfterProcessingInitializeOnLoad (18ms)
				EditorAssembliesLoaded (1ms)
			ExecutionOrderSort2 (0ms)
			AwakeInstancesAfterBackupRestoration (18ms)
Platform modules already initialized, skipping
Refreshing native plugins compatible for Editor in 11.96 ms, found 2 plugins.
Preloading 0 native plugins for Editor in 0.00 ms.
Unloading 2476 Unused Serialized files (Serialized files now loaded: 0)
Unloading 56 unused Assets / (310.8 KB). Loaded Objects now: 3027.
Memory consumption went from 98.0 MB to 97.7 MB.
Total: 15.630900 ms (FindLiveObjects: 0.467400 ms CreateObjectMapping: 0.167800 ms MarkObjects: 14.847600 ms  DeleteObjects: 0.145500 ms)

AssetImportParameters requested are different than current active one (requested -> active):
  custom:video-decoder-ogg-theora: a1e56fd34408186e4bbccfd4996cb3dc -> 
  custom:container-muxer-webm: aa71ff27fc2769a1b78a27578f13a17b -> 
  custom:container-demuxer-webm: 4f35f7cbe854078d1ac9338744f61a02 -> 
  custom:video-encoder-webm-vp8: eb34c28f22e8b96e1ab97ce403110664 -> 
  custom:video-codec-MediaFoundation-h265: 746d11721c4dcdbdad8f713fa42b33f4 -> 
  custom:audio-encoder-webm-vorbis: bf7c407c2cedff20999df2af8eb42d56 -> 
  custom:framework-win-MediaFoundation: 216162199b28c13a410421893ffa2e32 -> 
  custom:container-demuxer-ogg: 62fdf1f143b41e24485cea50d1cbac27 -> 
  custom:video-decoder-webm-vp8: 9c59270c3fd7afecdb556c50c9e8de78 -> 
  custom:audio-decoder-ogg-vorbis: bf7c407c2cedff20999df2af8eb42d56 -> 
========================================================================
Received Prepare
Registering precompiled user dll's ...
Registered in 0.005376 seconds.
Begin MonoManager ReloadAssembly
Native extension for WindowsStandalone target not found
Native extension for WebGL target not found
Refreshing native plugins compatible for Editor in 1.30 ms, found 2 plugins.
Preloading 0 native plugins for Editor in 0.00 ms.
Mono: successfully reloaded assembly
- Completed reload, in  2.203 seconds
Domain Reload Profiling:
	ReloadAssembly (2204ms)
		BeginReloadAssembly (307ms)
			ExecutionOrderSort (0ms)
			DisableScriptedObjects (12ms)
			BackupInstance (0ms)
			ReleaseScriptingObjects (0ms)
			CreateAndSetChildDomain (85ms)
		EndReloadAssembly (1669ms)
			LoadAssemblies (185ms)
			RebuildTransferFunctionScriptingTraits (0ms)
			SetupTypeCache (413ms)
			ReleaseScriptCaches (2ms)
			RebuildScriptCaches (68ms)
			SetupLoadedEditorAssemblies (953ms)
				LogAssemblyErrors (0ms)
				InitializePlatformSupportModulesInManaged (17ms)
				SetLoadedEditorAssemblies (1ms)
				RefreshPlugins (1ms)
				BeforeProcessingInitializeOnLoad (128ms)
				ProcessInitializeOnLoadAttributes (481ms)
				ProcessInitializeOnLoadMethodAttributes (309ms)
				AfterProcessingInitializeOnLoad (15ms)
				EditorAssembliesLoaded (1ms)
			ExecutionOrderSort2 (0ms)
			AwakeInstancesAfterBackupRestoration (16ms)
Platform modules already initialized, skipping
Refreshing native plugins compatible for Editor in 10.10 ms, found 2 plugins.
Preloading 0 native plugins for Editor in 0.00 ms.
Unloading 2476 Unused Serialized files (Serialized files now loaded: 0)
Unloading 56 unused Assets / (311.0 KB). Loaded Objects now: 3030.
Memory consumption went from 98.0 MB to 97.7 MB.
Total: 14.473400 ms (FindLiveObjects: 0.384600 ms CreateObjectMapping: 0.137600 ms MarkObjects: 13.811700 ms  DeleteObjects: 0.137100 ms)

AssetImportParameters requested are different than current active one (requested -> active):
  custom:video-decoder-ogg-theora: a1e56fd34408186e4bbccfd4996cb3dc -> 
  custom:container-muxer-webm: aa71ff27fc2769a1b78a27578f13a17b -> 
  custom:container-demuxer-webm: 4f35f7cbe854078d1ac9338744f61a02 -> 
  custom:video-encoder-webm-vp8: eb34c28f22e8b96e1ab97ce403110664 -> 
  custom:video-codec-MediaFoundation-h265: 746d11721c4dcdbdad8f713fa42b33f4 -> 
  custom:audio-encoder-webm-vorbis: bf7c407c2cedff20999df2af8eb42d56 -> 
  custom:framework-win-MediaFoundation: 216162199b28c13a410421893ffa2e32 -> 
  custom:container-demuxer-ogg: 62fdf1f143b41e24485cea50d1cbac27 -> 
  custom:video-decoder-webm-vp8: 9c59270c3fd7afecdb556c50c9e8de78 -> 
  custom:audio-decoder-ogg-vorbis: bf7c407c2cedff20999df2af8eb42d56 -> 
========================================================================
Received Prepare
Registering precompiled user dll's ...
Registered in 0.008559 seconds.
Begin MonoManager ReloadAssembly
Native extension for WindowsStandalone target not found
Native extension for WebGL target not found
Refreshing native plugins compatible for Editor in 1.22 ms, found 2 plugins.
Preloading 0 native plugins for Editor in 0.00 ms.
Mono: successfully reloaded assembly
- Completed reload, in  2.228 seconds
Domain Reload Profiling:
	ReloadAssembly (2230ms)
		BeginReloadAssembly (326ms)
			ExecutionOrderSort (0ms)
			DisableScriptedObjects (11ms)
			BackupInstance (0ms)
			ReleaseScriptingObjects (0ms)
			CreateAndSetChildDomain (84ms)
		EndReloadAssembly (1624ms)
			LoadAssemblies (217ms)
			RebuildTransferFunctionScriptingTraits (0ms)
			SetupTypeCache (391ms)
			ReleaseScriptCaches (2ms)
			RebuildScriptCaches (73ms)
			SetupLoadedEditorAssemblies (917ms)
				LogAssemblyErrors (0ms)
				InitializePlatformSupportModulesInManaged (15ms)
				SetLoadedEditorAssemblies (1ms)
				RefreshPlugins (1ms)
				BeforeProcessingInitializeOnLoad (116ms)
				ProcessInitializeOnLoadAttributes (531ms)
				ProcessInitializeOnLoadMethodAttributes (237ms)
				AfterProcessingInitializeOnLoad (15ms)
				EditorAssembliesLoaded (0ms)
			ExecutionOrderSort2 (0ms)
			AwakeInstancesAfterBackupRestoration (9ms)
Platform modules already initialized, skipping
Refreshing native plugins compatible for Editor in 7.19 ms, found 2 plugins.
Preloading 0 native plugins for Editor in 0.00 ms.
Unloading 2476 Unused Serialized files (Serialized files now loaded: 0)
Unloading 56 unused Assets / (310.8 KB). Loaded Objects now: 3033.
Memory consumption went from 98.0 MB to 97.7 MB.
Total: 8.939500 ms (FindLiveObjects: 0.398500 ms CreateObjectMapping: 0.220000 ms MarkObjects: 8.199700 ms  DeleteObjects: 0.120300 ms)

AssetImportParameters requested are different than current active one (requested -> active):
  custom:video-decoder-ogg-theora: a1e56fd34408186e4bbccfd4996cb3dc -> 
  custom:container-muxer-webm: aa71ff27fc2769a1b78a27578f13a17b -> 
  custom:container-demuxer-webm: 4f35f7cbe854078d1ac9338744f61a02 -> 
  custom:video-encoder-webm-vp8: eb34c28f22e8b96e1ab97ce403110664 -> 
  custom:video-codec-MediaFoundation-h265: 746d11721c4dcdbdad8f713fa42b33f4 -> 
  custom:audio-encoder-webm-vorbis: bf7c407c2cedff20999df2af8eb42d56 -> 
  custom:framework-win-MediaFoundation: 216162199b28c13a410421893ffa2e32 -> 
  custom:container-demuxer-ogg: 62fdf1f143b41e24485cea50d1cbac27 -> 
  custom:video-decoder-webm-vp8: 9c59270c3fd7afecdb556c50c9e8de78 -> 
  custom:audio-decoder-ogg-vorbis: bf7c407c2cedff20999df2af8eb42d56 -> 
========================================================================
Received Prepare
Registering precompiled user dll's ...
Registered in 0.006123 seconds.
Begin MonoManager ReloadAssembly
Native extension for WindowsStandalone target not found
Native extension for WebGL target not found
Refreshing native plugins compatible for Editor in 1.26 ms, found 2 plugins.
Preloading 0 native plugins for Editor in 0.00 ms.
Mono: successfully reloaded assembly
- Completed reload, in  1.966 seconds
Domain Reload Profiling:
	ReloadAssembly (1968ms)
		BeginReloadAssembly (261ms)
			ExecutionOrderSort (0ms)
			DisableScriptedObjects (9ms)
			BackupInstance (0ms)
			ReleaseScriptingObjects (0ms)
			CreateAndSetChildDomain (62ms)
		EndReloadAssembly (1525ms)
			LoadAssemblies (170ms)
			RebuildTransferFunctionScriptingTraits (0ms)
			SetupTypeCache (369ms)
			ReleaseScriptCaches (2ms)
			RebuildScriptCaches (76ms)
			SetupLoadedEditorAssemblies (850ms)
				LogAssemblyErrors (0ms)
				InitializePlatformSupportModulesInManaged (15ms)
				SetLoadedEditorAssemblies (1ms)
				RefreshPlugins (1ms)
				BeforeProcessingInitializeOnLoad (122ms)
				ProcessInitializeOnLoadAttributes (438ms)
				ProcessInitializeOnLoadMethodAttributes (256ms)
				AfterProcessingInitializeOnLoad (16ms)
				EditorAssembliesLoaded (1ms)
			ExecutionOrderSort2 (0ms)
			AwakeInstancesAfterBackupRestoration (13ms)
Platform modules already initialized, skipping
Refreshing native plugins compatible for Editor in 10.41 ms, found 2 plugins.
Preloading 0 native plugins for Editor in 0.00 ms.
Unloading 2476 Unused Serialized files (Serialized files now loaded: 0)
Unloading 56 unused Assets / (311.1 KB). Loaded Objects now: 3036.
Memory consumption went from 98.0 MB to 97.7 MB.
Total: 14.664700 ms (FindLiveObjects: 0.343500 ms CreateObjectMapping: 0.135900 ms MarkObjects: 14.064400 ms  DeleteObjects: 0.119100 ms)

AssetImportParameters requested are different than current active one (requested -> active):
  custom:video-decoder-ogg-theora: a1e56fd34408186e4bbccfd4996cb3dc -> 
  custom:container-muxer-webm: aa71ff27fc2769a1b78a27578f13a17b -> 
  custom:container-demuxer-webm: 4f35f7cbe854078d1ac9338744f61a02 -> 
  custom:video-encoder-webm-vp8: eb34c28f22e8b96e1ab97ce403110664 -> 
  custom:video-codec-MediaFoundation-h265: 746d11721c4dcdbdad8f713fa42b33f4 -> 
  custom:audio-encoder-webm-vorbis: bf7c407c2cedff20999df2af8eb42d56 -> 
  custom:framework-win-MediaFoundation: 216162199b28c13a410421893ffa2e32 -> 
  custom:container-demuxer-ogg: 62fdf1f143b41e24485cea50d1cbac27 -> 
  custom:video-decoder-webm-vp8: 9c59270c3fd7afecdb556c50c9e8de78 -> 
  custom:audio-decoder-ogg-vorbis: bf7c407c2cedff20999df2af8eb42d56 -> 
========================================================================
Received Prepare
Registering precompiled user dll's ...
Registered in 0.007872 seconds.
Begin MonoManager ReloadAssembly
Native extension for WindowsStandalone target not found
Native extension for WebGL target not found
Refreshing native plugins compatible for Editor in 1.34 ms, found 2 plugins.
Preloading 0 native plugins for Editor in 0.00 ms.
Mono: successfully reloaded assembly
- Completed reload, in  2.052 seconds
Domain Reload Profiling:
	ReloadAssembly (2054ms)
		BeginReloadAssembly (260ms)
			ExecutionOrderSort (0ms)
			DisableScriptedObjects (9ms)
			BackupInstance (0ms)
			ReleaseScriptingObjects (0ms)
			CreateAndSetChildDomain (60ms)
		EndReloadAssembly (1609ms)
			LoadAssemblies (169ms)
			RebuildTransferFunctionScriptingTraits (0ms)
			SetupTypeCache (382ms)
			ReleaseScriptCaches (2ms)
			RebuildScriptCaches (90ms)
			SetupLoadedEditorAssemblies (900ms)
				LogAssemblyErrors (0ms)
				InitializePlatformSupportModulesInManaged (15ms)
				SetLoadedEditorAssemblies (1ms)
				RefreshPlugins (1ms)
				BeforeProcessingInitializeOnLoad (132ms)
				ProcessInitializeOnLoadAttributes (443ms)
				ProcessInitializeOnLoadMethodAttributes (291ms)
				AfterProcessingInitializeOnLoad (16ms)
				EditorAssembliesLoaded (1ms)
			ExecutionOrderSort2 (0ms)
			AwakeInstancesAfterBackupRestoration (15ms)
Platform modules already initialized, skipping
Refreshing native plugins compatible for Editor in 10.03 ms, found 2 plugins.
Preloading 0 native plugins for Editor in 0.00 ms.
Unloading 2476 Unused Serialized files (Serialized files now loaded: 0)
Unloading 56 unused Assets / (311.1 KB). Loaded Objects now: 3039.
Memory consumption went from 98.0 MB to 97.7 MB.
Total: 17.370800 ms (FindLiveObjects: 0.363600 ms CreateObjectMapping: 0.155800 ms MarkObjects: 16.721700 ms  DeleteObjects: 0.127800 ms)

AssetImportParameters requested are different than current active one (requested -> active):
  custom:video-decoder-ogg-theora: a1e56fd34408186e4bbccfd4996cb3dc -> 
  custom:container-muxer-webm: aa71ff27fc2769a1b78a27578f13a17b -> 
  custom:container-demuxer-webm: 4f35f7cbe854078d1ac9338744f61a02 -> 
  custom:video-encoder-webm-vp8: eb34c28f22e8b96e1ab97ce403110664 -> 
  custom:video-codec-MediaFoundation-h265: 746d11721c4dcdbdad8f713fa42b33f4 -> 
  custom:audio-encoder-webm-vorbis: bf7c407c2cedff20999df2af8eb42d56 -> 
  custom:framework-win-MediaFoundation: 216162199b28c13a410421893ffa2e32 -> 
  custom:container-demuxer-ogg: 62fdf1f143b41e24485cea50d1cbac27 -> 
  custom:video-decoder-webm-vp8: 9c59270c3fd7afecdb556c50c9e8de78 -> 
  custom:audio-decoder-ogg-vorbis: bf7c407c2cedff20999df2af8eb42d56 -> 
========================================================================
Received Prepare
Registering precompiled user dll's ...
Registered in 0.014476 seconds.
Begin MonoManager ReloadAssembly
Native extension for WindowsStandalone target not found
Native extension for WebGL target not found
Refreshing native plugins compatible for Editor in 1.77 ms, found 2 plugins.
Preloading 0 native plugins for Editor in 0.00 ms.
Mono: successfully reloaded assembly
- Completed reload, in  2.698 seconds
Domain Reload Profiling:
	ReloadAssembly (2700ms)
		BeginReloadAssembly (320ms)
			ExecutionOrderSort (0ms)
			DisableScriptedObjects (21ms)
			BackupInstance (0ms)
			ReleaseScriptingObjects (0ms)
			CreateAndSetChildDomain (62ms)
		EndReloadAssembly (2111ms)
			LoadAssemblies (204ms)
			RebuildTransferFunctionScriptingTraits (0ms)
			SetupTypeCache (580ms)
			ReleaseScriptCaches (3ms)
			RebuildScriptCaches (128ms)
			SetupLoadedEditorAssemblies (1118ms)
				LogAssemblyErrors (0ms)
				InitializePlatformSupportModulesInManaged (17ms)
				SetLoadedEditorAssemblies (2ms)
				RefreshPlugins (2ms)
				BeforeProcessingInitializeOnLoad (162ms)
				ProcessInitializeOnLoadAttributes (616ms)
				ProcessInitializeOnLoadMethodAttributes (307ms)
				AfterProcessingInitializeOnLoad (12ms)
				EditorAssembliesLoaded (0ms)
			ExecutionOrderSort2 (0ms)
			AwakeInstancesAfterBackupRestoration (14ms)
Platform modules already initialized, skipping
Refreshing native plugins compatible for Editor in 8.86 ms, found 2 plugins.
Preloading 0 native plugins for Editor in 0.00 ms.
Unloading 2476 Unused Serialized files (Serialized files now loaded: 0)
Unloading 56 unused Assets / (311.1 KB). Loaded Objects now: 3042.
Memory consumption went from 98.0 MB to 97.7 MB.
Total: 14.804700 ms (FindLiveObjects: 0.347100 ms CreateObjectMapping: 0.163700 ms MarkObjects: 14.152100 ms  DeleteObjects: 0.139900 ms)

AssetImportParameters requested are different than current active one (requested -> active):
  custom:video-decoder-ogg-theora: a1e56fd34408186e4bbccfd4996cb3dc -> 
  custom:container-muxer-webm: aa71ff27fc2769a1b78a27578f13a17b -> 
  custom:container-demuxer-webm: 4f35f7cbe854078d1ac9338744f61a02 -> 
  custom:video-encoder-webm-vp8: eb34c28f22e8b96e1ab97ce403110664 -> 
  custom:video-codec-MediaFoundation-h265: 746d11721c4dcdbdad8f713fa42b33f4 -> 
  custom:audio-encoder-webm-vorbis: bf7c407c2cedff20999df2af8eb42d56 -> 
  custom:framework-win-MediaFoundation: 216162199b28c13a410421893ffa2e32 -> 
  custom:container-demuxer-ogg: 62fdf1f143b41e24485cea50d1cbac27 -> 
  custom:video-decoder-webm-vp8: 9c59270c3fd7afecdb556c50c9e8de78 -> 
  custom:audio-decoder-ogg-vorbis: bf7c407c2cedff20999df2af8eb42d56 -> 
========================================================================
Received Prepare
Registering precompiled user dll's ...
Registered in 0.013839 seconds.
Begin MonoManager ReloadAssembly
Native extension for WindowsStandalone target not found
Native extension for WebGL target not found
Refreshing native plugins compatible for Editor in 1.61 ms, found 2 plugins.
Preloading 0 native plugins for Editor in 0.00 ms.
Mono: successfully reloaded assembly
- Completed reload, in  2.257 seconds
Domain Reload Profiling:
	ReloadAssembly (2258ms)
		BeginReloadAssembly (343ms)
			ExecutionOrderSort (0ms)
			DisableScriptedObjects (11ms)
			BackupInstance (0ms)
			ReleaseScriptingObjects (0ms)
			CreateAndSetChildDomain (85ms)
		EndReloadAssembly (1639ms)
			LoadAssemblies (216ms)
			RebuildTransferFunctionScriptingTraits (0ms)
			SetupTypeCache (449ms)
			ReleaseScriptCaches (2ms)
			RebuildScriptCaches (67ms)
			SetupLoadedEditorAssemblies (885ms)
				LogAssemblyErrors (0ms)
				InitializePlatformSupportModulesInManaged (16ms)
				SetLoadedEditorAssemblies (1ms)
				RefreshPlugins (2ms)
				BeforeProcessingInitializeOnLoad (107ms)
				ProcessInitializeOnLoadAttributes (417ms)
				ProcessInitializeOnLoadMethodAttributes (328ms)
				AfterProcessingInitializeOnLoad (14ms)
				EditorAssembliesLoaded (1ms)
			ExecutionOrderSort2 (0ms)
			AwakeInstancesAfterBackupRestoration (13ms)
Platform modules already initialized, skipping
Refreshing native plugins compatible for Editor in 7.72 ms, found 2 plugins.
Preloading 0 native plugins for Editor in 0.00 ms.
Unloading 2476 Unused Serialized files (Serialized files now loaded: 0)
Unloading 56 unused Assets / (311.0 KB). Loaded Objects now: 3045.
Memory consumption went from 98.0 MB to 97.7 MB.
Total: 8.890300 ms (FindLiveObjects: 0.335000 ms CreateObjectMapping: 0.103400 ms MarkObjects: 8.359200 ms  DeleteObjects: 0.091200 ms)

AssetImportParameters requested are different than current active one (requested -> active):
  custom:video-decoder-ogg-theora: a1e56fd34408186e4bbccfd4996cb3dc -> 
  custom:container-muxer-webm: aa71ff27fc2769a1b78a27578f13a17b -> 
  custom:container-demuxer-webm: 4f35f7cbe854078d1ac9338744f61a02 -> 
  custom:video-encoder-webm-vp8: eb34c28f22e8b96e1ab97ce403110664 -> 
  custom:video-codec-MediaFoundation-h265: 746d11721c4dcdbdad8f713fa42b33f4 -> 
  custom:audio-encoder-webm-vorbis: bf7c407c2cedff20999df2af8eb42d56 -> 
  custom:framework-win-MediaFoundation: 216162199b28c13a410421893ffa2e32 -> 
  custom:container-demuxer-ogg: 62fdf1f143b41e24485cea50d1cbac27 -> 
  custom:video-decoder-webm-vp8: 9c59270c3fd7afecdb556c50c9e8de78 -> 
  custom:audio-decoder-ogg-vorbis: bf7c407c2cedff20999df2af8eb42d56 -> 
========================================================================
Received Prepare
Registering precompiled user dll's ...
Registered in 0.015422 seconds.
Begin MonoManager ReloadAssembly
Native extension for WindowsStandalone target not found
Native extension for WebGL target not found
Refreshing native plugins compatible for Editor in 1.75 ms, found 2 plugins.
Preloading 0 native plugins for Editor in 0.00 ms.
Mono: successfully reloaded assembly
- Completed reload, in  2.674 seconds
Domain Reload Profiling:
	ReloadAssembly (2675ms)
		BeginReloadAssembly (428ms)
			ExecutionOrderSort (0ms)
			DisableScriptedObjects (16ms)
			BackupInstance (0ms)
			ReleaseScriptingObjects (0ms)
			CreateAndSetChildDomain (94ms)
		EndReloadAssembly (1915ms)
			LoadAssemblies (296ms)
			RebuildTransferFunctionScriptingTraits (0ms)
			SetupTypeCache (575ms)
			ReleaseScriptCaches (2ms)
			RebuildScriptCaches (94ms)
			SetupLoadedEditorAssemblies (1007ms)
				LogAssemblyErrors (0ms)
				InitializePlatformSupportModulesInManaged (14ms)
				SetLoadedEditorAssemblies (1ms)
				RefreshPlugins (2ms)
				BeforeProcessingInitializeOnLoad (111ms)
				ProcessInitializeOnLoadAttributes (604ms)
				ProcessInitializeOnLoadMethodAttributes (262ms)
				AfterProcessingInitializeOnLoad (12ms)
				EditorAssembliesLoaded (0ms)
			ExecutionOrderSort2 (0ms)
			AwakeInstancesAfterBackupRestoration (8ms)
Platform modules already initialized, skipping
Refreshing native plugins compatible for Editor in 13.05 ms, found 2 plugins.
Preloading 0 native plugins for Editor in 0.00 ms.
Unloading 2476 Unused Serialized files (Serialized files now loaded: 0)
Unloading 56 unused Assets / (310.6 KB). Loaded Objects now: 3048.
Memory consumption went from 98.0 MB to 97.7 MB.
Total: 20.030300 ms (FindLiveObjects: 0.462700 ms CreateObjectMapping: 0.308000 ms MarkObjects: 19.085800 ms  DeleteObjects: 0.170400 ms)

AssetImportParameters requested are different than current active one (requested -> active):
  custom:video-decoder-ogg-theora: a1e56fd34408186e4bbccfd4996cb3dc -> 
  custom:container-muxer-webm: aa71ff27fc2769a1b78a27578f13a17b -> 
  custom:container-demuxer-webm: 4f35f7cbe854078d1ac9338744f61a02 -> 
  custom:video-encoder-webm-vp8: eb34c28f22e8b96e1ab97ce403110664 -> 
  custom:video-codec-MediaFoundation-h265: 746d11721c4dcdbdad8f713fa42b33f4 -> 
  custom:audio-encoder-webm-vorbis: bf7c407c2cedff20999df2af8eb42d56 -> 
  custom:framework-win-MediaFoundation: 216162199b28c13a410421893ffa2e32 -> 
  custom:container-demuxer-ogg: 62fdf1f143b41e24485cea50d1cbac27 -> 
  custom:video-decoder-webm-vp8: 9c59270c3fd7afecdb556c50c9e8de78 -> 
  custom:audio-decoder-ogg-vorbis: bf7c407c2cedff20999df2af8eb42d56 -> 
========================================================================
Received Prepare
Registering precompiled user dll's ...
Registered in 0.007714 seconds.
Begin MonoManager ReloadAssembly
Native extension for WindowsStandalone target not found
Native extension for WebGL target not found
Refreshing native plugins compatible for Editor in 1.40 ms, found 2 plugins.
Preloading 0 native plugins for Editor in 0.00 ms.
Mono: successfully reloaded assembly
- Completed reload, in  1.964 seconds
Domain Reload Profiling:
	ReloadAssembly (1965ms)
		BeginReloadAssembly (272ms)
			ExecutionOrderSort (0ms)
			DisableScriptedObjects (11ms)
			BackupInstance (0ms)
			ReleaseScriptingObjects (0ms)
			CreateAndSetChildDomain (65ms)
		EndReloadAssembly (1533ms)
			LoadAssemblies (170ms)
			RebuildTransferFunctionScriptingTraits (0ms)
			SetupTypeCache (402ms)
			ReleaseScriptCaches (2ms)
			RebuildScriptCaches (71ms)
			SetupLoadedEditorAssemblies (836ms)
				LogAssemblyErrors (0ms)
				InitializePlatformSupportModulesInManaged (16ms)
				SetLoadedEditorAssemblies (1ms)
				RefreshPlugins (2ms)
				BeforeProcessingInitializeOnLoad (137ms)
				ProcessInitializeOnLoadAttributes (452ms)
				ProcessInitializeOnLoadMethodAttributes (217ms)
				AfterProcessingInitializeOnLoad (11ms)
				EditorAssembliesLoaded (0ms)
			ExecutionOrderSort2 (0ms)
			AwakeInstancesAfterBackupRestoration (9ms)
Platform modules already initialized, skipping
Refreshing native plugins compatible for Editor in 8.31 ms, found 2 plugins.
Preloading 0 native plugins for Editor in 0.00 ms.
Unloading 2476 Unused Serialized files (Serialized files now loaded: 0)
Unloading 56 unused Assets / (311.0 KB). Loaded Objects now: 3051.
Memory consumption went from 98.1 MB to 97.8 MB.
Total: 12.621100 ms (FindLiveObjects: 0.385900 ms CreateObjectMapping: 0.162800 ms MarkObjects: 11.956400 ms  DeleteObjects: 0.113800 ms)

AssetImportParameters requested are different than current active one (requested -> active):
  custom:video-decoder-ogg-theora: a1e56fd34408186e4bbccfd4996cb3dc -> 
  custom:container-muxer-webm: aa71ff27fc2769a1b78a27578f13a17b -> 
  custom:container-demuxer-webm: 4f35f7cbe854078d1ac9338744f61a02 -> 
  custom:video-encoder-webm-vp8: eb34c28f22e8b96e1ab97ce403110664 -> 
  custom:video-codec-MediaFoundation-h265: 746d11721c4dcdbdad8f713fa42b33f4 -> 
  custom:audio-encoder-webm-vorbis: bf7c407c2cedff20999df2af8eb42d56 -> 
  custom:framework-win-MediaFoundation: 216162199b28c13a410421893ffa2e32 -> 
  custom:container-demuxer-ogg: 62fdf1f143b41e24485cea50d1cbac27 -> 
  custom:video-decoder-webm-vp8: 9c59270c3fd7afecdb556c50c9e8de78 -> 
  custom:audio-decoder-ogg-vorbis: bf7c407c2cedff20999df2af8eb42d56 -> 
========================================================================
Received Prepare
Registering precompiled user dll's ...
Registered in 0.007146 seconds.
Begin MonoManager ReloadAssembly
Native extension for WindowsStandalone target not found
Native extension for WebGL target not found
Refreshing native plugins compatible for Editor in 1.20 ms, found 2 plugins.
Preloading 0 native plugins for Editor in 0.00 ms.
Mono: successfully reloaded assembly
- Completed reload, in  2.069 seconds
Domain Reload Profiling:
	ReloadAssembly (2071ms)
		BeginReloadAssembly (251ms)
			ExecutionOrderSort (0ms)
			DisableScriptedObjects (10ms)
			BackupInstance (0ms)
			ReleaseScriptingObjects (0ms)
			CreateAndSetChildDomain (64ms)
		EndReloadAssembly (1607ms)
			LoadAssemblies (160ms)
			RebuildTransferFunctionScriptingTraits (0ms)
			SetupTypeCache (362ms)
			ReleaseScriptCaches (2ms)
			RebuildScriptCaches (62ms)
			SetupLoadedEditorAssemblies (927ms)
				LogAssemblyErrors (0ms)
				InitializePlatformSupportModulesInManaged (15ms)
				SetLoadedEditorAssemblies (1ms)
				RefreshPlugins (1ms)
				BeforeProcessingInitializeOnLoad (148ms)
				ProcessInitializeOnLoadAttributes (462ms)
				ProcessInitializeOnLoadMethodAttributes (278ms)
				AfterProcessingInitializeOnLoad (21ms)
				EditorAssembliesLoaded (1ms)
			ExecutionOrderSort2 (0ms)
			AwakeInstancesAfterBackupRestoration (20ms)
Platform modules already initialized, skipping
Refreshing native plugins compatible for Editor in 9.38 ms, found 2 plugins.
Preloading 0 native plugins for Editor in 0.00 ms.
Unloading 2476 Unused Serialized files (Serialized files now loaded: 0)
Unloading 56 unused Assets / (310.8 KB). Loaded Objects now: 3054.
Memory consumption went from 98.1 MB to 97.8 MB.
Total: 14.047200 ms (FindLiveObjects: 0.399200 ms CreateObjectMapping: 0.146200 ms MarkObjects: 13.369200 ms  DeleteObjects: 0.129900 ms)

AssetImportParameters requested are different than current active one (requested -> active):
  custom:video-decoder-ogg-theora: a1e56fd34408186e4bbccfd4996cb3dc -> 
  custom:container-muxer-webm: aa71ff27fc2769a1b78a27578f13a17b -> 
  custom:container-demuxer-webm: 4f35f7cbe854078d1ac9338744f61a02 -> 
  custom:video-encoder-webm-vp8: eb34c28f22e8b96e1ab97ce403110664 -> 
  custom:video-codec-MediaFoundation-h265: 746d11721c4dcdbdad8f713fa42b33f4 -> 
  custom:audio-encoder-webm-vorbis: bf7c407c2cedff20999df2af8eb42d56 -> 
  custom:framework-win-MediaFoundation: 216162199b28c13a410421893ffa2e32 -> 
  custom:container-demuxer-ogg: 62fdf1f143b41e24485cea50d1cbac27 -> 
  custom:video-decoder-webm-vp8: 9c59270c3fd7afecdb556c50c9e8de78 -> 
  custom:audio-decoder-ogg-vorbis: bf7c407c2cedff20999df2af8eb42d56 -> 
========================================================================
Received Prepare
Registering precompiled user dll's ...
Registered in 0.007379 seconds.
Begin MonoManager ReloadAssembly
Native extension for WindowsStandalone target not found
Native extension for WebGL target not found
Refreshing native plugins compatible for Editor in 1.90 ms, found 2 plugins.
Preloading 0 native plugins for Editor in 0.00 ms.
Mono: successfully reloaded assembly
- Completed reload, in  2.233 seconds
Domain Reload Profiling:
	ReloadAssembly (2235ms)
		BeginReloadAssembly (279ms)
			ExecutionOrderSort (0ms)
			DisableScriptedObjects (11ms)
			BackupInstance (0ms)
			ReleaseScriptingObjects (0ms)
			CreateAndSetChildDomain (54ms)
		EndReloadAssembly (1723ms)
			LoadAssemblies (208ms)
			RebuildTransferFunctionScriptingTraits (0ms)
			SetupTypeCache (550ms)
			ReleaseScriptCaches (3ms)
			RebuildScriptCaches (106ms)
			SetupLoadedEditorAssemblies (756ms)
				LogAssemblyErrors (0ms)
				InitializePlatformSupportModulesInManaged (17ms)
				SetLoadedEditorAssemblies (1ms)
				RefreshPlugins (2ms)
				BeforeProcessingInitializeOnLoad (139ms)
				ProcessInitializeOnLoadAttributes (356ms)
				ProcessInitializeOnLoadMethodAttributes (229ms)
				AfterProcessingInitializeOnLoad (11ms)
				EditorAssembliesLoaded (0ms)
			ExecutionOrderSort2 (0ms)
			AwakeInstancesAfterBackupRestoration (9ms)
Platform modules already initialized, skipping
Refreshing native plugins compatible for Editor in 8.54 ms, found 2 plugins.
Preloading 0 native plugins for Editor in 0.00 ms.
Unloading 2476 Unused Serialized files (Serialized files now loaded: 0)
Unloading 56 unused Assets / (310.9 KB). Loaded Objects now: 3057.
Memory consumption went from 98.1 MB to 97.8 MB.
Total: 11.385200 ms (FindLiveObjects: 0.383600 ms CreateObjectMapping: 0.183300 ms MarkObjects: 10.698400 ms  DeleteObjects: 0.117600 ms)

AssetImportParameters requested are different than current active one (requested -> active):
  custom:video-decoder-ogg-theora: a1e56fd34408186e4bbccfd4996cb3dc -> 
  custom:container-muxer-webm: aa71ff27fc2769a1b78a27578f13a17b -> 
  custom:container-demuxer-webm: 4f35f7cbe854078d1ac9338744f61a02 -> 
  custom:video-encoder-webm-vp8: eb34c28f22e8b96e1ab97ce403110664 -> 
  custom:video-codec-MediaFoundation-h265: 746d11721c4dcdbdad8f713fa42b33f4 -> 
  custom:audio-encoder-webm-vorbis: bf7c407c2cedff20999df2af8eb42d56 -> 
  custom:framework-win-MediaFoundation: 216162199b28c13a410421893ffa2e32 -> 
  custom:container-demuxer-ogg: 62fdf1f143b41e24485cea50d1cbac27 -> 
  custom:video-decoder-webm-vp8: 9c59270c3fd7afecdb556c50c9e8de78 -> 
  custom:audio-decoder-ogg-vorbis: bf7c407c2cedff20999df2af8eb42d56 -> 
========================================================================
Received Prepare
Registering precompiled user dll's ...
Registered in 0.009660 seconds.
Begin MonoManager ReloadAssembly
Native extension for WindowsStandalone target not found
Native extension for WebGL target not found
Refreshing native plugins compatible for Editor in 1.02 ms, found 2 plugins.
Preloading 0 native plugins for Editor in 0.00 ms.
Mono: successfully reloaded assembly
- Completed reload, in  2.110 seconds
Domain Reload Profiling:
	ReloadAssembly (2112ms)
		BeginReloadAssembly (308ms)
			ExecutionOrderSort (0ms)
			DisableScriptedObjects (13ms)
			BackupInstance (0ms)
			ReleaseScriptingObjects (0ms)
			CreateAndSetChildDomain (55ms)
		EndReloadAssembly (1569ms)
			LoadAssemblies (221ms)
			RebuildTransferFunctionScriptingTraits (0ms)
			SetupTypeCache (453ms)
			ReleaseScriptCaches (2ms)
			RebuildScriptCaches (112ms)
			SetupLoadedEditorAssemblies (765ms)
				LogAssemblyErrors (0ms)
				InitializePlatformSupportModulesInManaged (12ms)
				SetLoadedEditorAssemblies (1ms)
				RefreshPlugins (1ms)
				BeforeProcessingInitializeOnLoad (108ms)
				ProcessInitializeOnLoadAttributes (400ms)
				ProcessInitializeOnLoadMethodAttributes (232ms)
				AfterProcessingInitializeOnLoad (11ms)
				EditorAssembliesLoaded (0ms)
			ExecutionOrderSort2 (0ms)
			AwakeInstancesAfterBackupRestoration (9ms)
Platform modules already initialized, skipping
Refreshing native plugins compatible for Editor in 8.62 ms, found 2 plugins.
Preloading 0 native plugins for Editor in 0.00 ms.
Unloading 2476 Unused Serialized files (Serialized files now loaded: 0)
Unloading 56 unused Assets / (311.1 KB). Loaded Objects now: 3060.
Memory consumption went from 98.1 MB to 97.8 MB.
Total: 13.900700 ms (FindLiveObjects: 0.432900 ms CreateObjectMapping: 0.189100 ms MarkObjects: 13.162000 ms  DeleteObjects: 0.114600 ms)

AssetImportParameters requested are different than current active one (requested -> active):
  custom:video-decoder-ogg-theora: a1e56fd34408186e4bbccfd4996cb3dc -> 
  custom:container-muxer-webm: aa71ff27fc2769a1b78a27578f13a17b -> 
  custom:container-demuxer-webm: 4f35f7cbe854078d1ac9338744f61a02 -> 
  custom:video-encoder-webm-vp8: eb34c28f22e8b96e1ab97ce403110664 -> 
  custom:video-codec-MediaFoundation-h265: 746d11721c4dcdbdad8f713fa42b33f4 -> 
  custom:audio-encoder-webm-vorbis: bf7c407c2cedff20999df2af8eb42d56 -> 
  custom:framework-win-MediaFoundation: 216162199b28c13a410421893ffa2e32 -> 
  custom:container-demuxer-ogg: 62fdf1f143b41e24485cea50d1cbac27 -> 
  custom:video-decoder-webm-vp8: 9c59270c3fd7afecdb556c50c9e8de78 -> 
  custom:audio-decoder-ogg-vorbis: bf7c407c2cedff20999df2af8eb42d56 -> 
========================================================================
Received Prepare
Registering precompiled user dll's ...
Registered in 0.009864 seconds.
Begin MonoManager ReloadAssembly
Native extension for WindowsStandalone target not found
Native extension for WebGL target not found
Refreshing native plugins compatible for Editor in 1.19 ms, found 2 plugins.
Preloading 0 native plugins for Editor in 0.00 ms.
Mono: successfully reloaded assembly
- Completed reload, in  2.181 seconds
Domain Reload Profiling:
	ReloadAssembly (2182ms)
		BeginReloadAssembly (266ms)
			ExecutionOrderSort (0ms)
			DisableScriptedObjects (18ms)
			BackupInstance (0ms)
			ReleaseScriptingObjects (0ms)
			CreateAndSetChildDomain (68ms)
		EndReloadAssembly (1699ms)
			LoadAssemblies (161ms)
			RebuildTransferFunctionScriptingTraits (0ms)
			SetupTypeCache (472ms)
			ReleaseScriptCaches (3ms)
			RebuildScriptCaches (106ms)
			SetupLoadedEditorAssemblies (890ms)
				LogAssemblyErrors (0ms)
				InitializePlatformSupportModulesInManaged (17ms)
				SetLoadedEditorAssemblies (1ms)
				RefreshPlugins (1ms)
				BeforeProcessingInitializeOnLoad (127ms)
				ProcessInitializeOnLoadAttributes (462ms)
				ProcessInitializeOnLoadMethodAttributes (271ms)
				AfterProcessingInitializeOnLoad (10ms)
				EditorAssembliesLoaded (0ms)
			ExecutionOrderSort2 (0ms)
			AwakeInstancesAfterBackupRestoration (9ms)
Platform modules already initialized, skipping
Refreshing native plugins compatible for Editor in 6.22 ms, found 2 plugins.
Preloading 0 native plugins for Editor in 0.00 ms.
Unloading 2476 Unused Serialized files (Serialized files now loaded: 0)
Unloading 56 unused Assets / (311.1 KB). Loaded Objects now: 3063.
Memory consumption went from 98.1 MB to 97.8 MB.
Total: 11.281800 ms (FindLiveObjects: 0.290000 ms CreateObjectMapping: 0.210900 ms MarkObjects: 10.686400 ms  DeleteObjects: 0.093000 ms)

AssetImportParameters requested are different than current active one (requested -> active):
  custom:video-decoder-ogg-theora: a1e56fd34408186e4bbccfd4996cb3dc -> 
  custom:container-muxer-webm: aa71ff27fc2769a1b78a27578f13a17b -> 
  custom:container-demuxer-webm: 4f35f7cbe854078d1ac9338744f61a02 -> 
  custom:video-encoder-webm-vp8: eb34c28f22e8b96e1ab97ce403110664 -> 
  custom:video-codec-MediaFoundation-h265: 746d11721c4dcdbdad8f713fa42b33f4 -> 
  custom:audio-encoder-webm-vorbis: bf7c407c2cedff20999df2af8eb42d56 -> 
  custom:framework-win-MediaFoundation: 216162199b28c13a410421893ffa2e32 -> 
  custom:container-demuxer-ogg: 62fdf1f143b41e24485cea50d1cbac27 -> 
  custom:video-decoder-webm-vp8: 9c59270c3fd7afecdb556c50c9e8de78 -> 
  custom:audio-decoder-ogg-vorbis: bf7c407c2cedff20999df2af8eb42d56 -> 
========================================================================
Received Prepare
Registering precompiled user dll's ...
Registered in 0.006555 seconds.
Begin MonoManager ReloadAssembly
Native extension for WindowsStandalone target not found
Native extension for WebGL target not found
Refreshing native plugins compatible for Editor in 1.32 ms, found 2 plugins.
Preloading 0 native plugins for Editor in 0.00 ms.
Mono: successfully reloaded assembly
- Completed reload, in  2.127 seconds
Domain Reload Profiling:
	ReloadAssembly (2129ms)
		BeginReloadAssembly (322ms)
			ExecutionOrderSort (0ms)
			DisableScriptedObjects (14ms)
			BackupInstance (0ms)
			ReleaseScriptingObjects (0ms)
			CreateAndSetChildDomain (75ms)
		EndReloadAssembly (1614ms)
			LoadAssemblies (197ms)
			RebuildTransferFunctionScriptingTraits (0ms)
			SetupTypeCache (343ms)
			ReleaseScriptCaches (3ms)
			RebuildScriptCaches (99ms)
			SetupLoadedEditorAssemblies (931ms)
				LogAssemblyErrors (0ms)
				InitializePlatformSupportModulesInManaged (14ms)
				SetLoadedEditorAssemblies (1ms)
				RefreshPlugins (1ms)
				BeforeProcessingInitializeOnLoad (140ms)
				ProcessInitializeOnLoadAttributes (479ms)
				ProcessInitializeOnLoadMethodAttributes (279ms)
				AfterProcessingInitializeOnLoad (15ms)
				EditorAssembliesLoaded (1ms)
			ExecutionOrderSort2 (0ms)
			AwakeInstancesAfterBackupRestoration (13ms)
Platform modules already initialized, skipping
Refreshing native plugins compatible for Editor in 10.60 ms, found 2 plugins.
Preloading 0 native plugins for Editor in 0.00 ms.
Unloading 2476 Unused Serialized files (Serialized files now loaded: 0)
Unloading 56 unused Assets / (311.0 KB). Loaded Objects now: 3066.
Memory consumption went from 98.1 MB to 97.8 MB.
Total: 15.363300 ms (FindLiveObjects: 0.396600 ms CreateObjectMapping: 0.149900 ms MarkObjects: 14.636700 ms  DeleteObjects: 0.177800 ms)

AssetImportParameters requested are different than current active one (requested -> active):
  custom:video-decoder-ogg-theora: a1e56fd34408186e4bbccfd4996cb3dc -> 
  custom:container-muxer-webm: aa71ff27fc2769a1b78a27578f13a17b -> 
  custom:container-demuxer-webm: 4f35f7cbe854078d1ac9338744f61a02 -> 
  custom:video-encoder-webm-vp8: eb34c28f22e8b96e1ab97ce403110664 -> 
  custom:video-codec-MediaFoundation-h265: 746d11721c4dcdbdad8f713fa42b33f4 -> 
  custom:audio-encoder-webm-vorbis: bf7c407c2cedff20999df2af8eb42d56 -> 
  custom:framework-win-MediaFoundation: 216162199b28c13a410421893ffa2e32 -> 
  custom:container-demuxer-ogg: 62fdf1f143b41e24485cea50d1cbac27 -> 
  custom:video-decoder-webm-vp8: 9c59270c3fd7afecdb556c50c9e8de78 -> 
  custom:audio-decoder-ogg-vorbis: bf7c407c2cedff20999df2af8eb42d56 -> 
========================================================================
Received Prepare
Registering precompiled user dll's ...
Registered in 0.008546 seconds.
Begin MonoManager ReloadAssembly
Native extension for WindowsStandalone target not found
Native extension for WebGL target not found
Refreshing native plugins compatible for Editor in 1.50 ms, found 2 plugins.
Preloading 0 native plugins for Editor in 0.00 ms.
Mono: successfully reloaded assembly
- Completed reload, in  2.564 seconds
Domain Reload Profiling:
	ReloadAssembly (2566ms)
		BeginReloadAssembly (487ms)
			ExecutionOrderSort (0ms)
			DisableScriptedObjects (15ms)
			BackupInstance (0ms)
			ReleaseScriptingObjects (0ms)
			CreateAndSetChildDomain (108ms)
		EndReloadAssembly (1832ms)
			LoadAssemblies (315ms)
			RebuildTransferFunctionScriptingTraits (0ms)
			SetupTypeCache (448ms)
			ReleaseScriptCaches (2ms)
			RebuildScriptCaches (90ms)
			SetupLoadedEditorAssemblies (1009ms)
				LogAssemblyErrors (0ms)
				InitializePlatformSupportModulesInManaged (17ms)
				SetLoadedEditorAssemblies (1ms)
				RefreshPlugins (2ms)
				BeforeProcessingInitializeOnLoad (158ms)
				ProcessInitializeOnLoadAttributes (472ms)
				ProcessInitializeOnLoadMethodAttributes (326ms)
				AfterProcessingInitializeOnLoad (33ms)
				EditorAssembliesLoaded (1ms)
			ExecutionOrderSort2 (0ms)
			AwakeInstancesAfterBackupRestoration (23ms)
Platform modules already initialized, skipping
Refreshing native plugins compatible for Editor in 11.79 ms, found 2 plugins.
Preloading 0 native plugins for Editor in 0.00 ms.
Unloading 2476 Unused Serialized files (Serialized files now loaded: 0)
Unloading 56 unused Assets / (310.7 KB). Loaded Objects now: 3069.
Memory consumption went from 98.1 MB to 97.8 MB.
Total: 14.990900 ms (FindLiveObjects: 0.400500 ms CreateObjectMapping: 0.184900 ms MarkObjects: 14.244700 ms  DeleteObjects: 0.158200 ms)

AssetImportParameters requested are different than current active one (requested -> active):
  custom:video-decoder-ogg-theora: a1e56fd34408186e4bbccfd4996cb3dc -> 
  custom:container-muxer-webm: aa71ff27fc2769a1b78a27578f13a17b -> 
  custom:container-demuxer-webm: 4f35f7cbe854078d1ac9338744f61a02 -> 
  custom:video-encoder-webm-vp8: eb34c28f22e8b96e1ab97ce403110664 -> 
  custom:video-codec-MediaFoundation-h265: 746d11721c4dcdbdad8f713fa42b33f4 -> 
  custom:audio-encoder-webm-vorbis: bf7c407c2cedff20999df2af8eb42d56 -> 
  custom:framework-win-MediaFoundation: 216162199b28c13a410421893ffa2e32 -> 
  custom:container-demuxer-ogg: 62fdf1f143b41e24485cea50d1cbac27 -> 
  custom:video-decoder-webm-vp8: 9c59270c3fd7afecdb556c50c9e8de78 -> 
  custom:audio-decoder-ogg-vorbis: bf7c407c2cedff20999df2af8eb42d56 -> 
========================================================================
Received Prepare
Registering precompiled user dll's ...
Registered in 0.010968 seconds.
Begin MonoManager ReloadAssembly
Native extension for WindowsStandalone target not found
Native extension for WebGL target not found
Refreshing native plugins compatible for Editor in 1.11 ms, found 2 plugins.
Preloading 0 native plugins for Editor in 0.00 ms.
Mono: successfully reloaded assembly
- Completed reload, in  2.368 seconds
Domain Reload Profiling:
	ReloadAssembly (2369ms)
		BeginReloadAssembly (315ms)
			ExecutionOrderSort (0ms)
			DisableScriptedObjects (13ms)
			BackupInstance (0ms)
			ReleaseScriptingObjects (0ms)
			CreateAndSetChildDomain (67ms)
		EndReloadAssembly (1783ms)
			LoadAssemblies (215ms)
			RebuildTransferFunctionScriptingTraits (0ms)
			SetupTypeCache (492ms)
			ReleaseScriptCaches (2ms)
			RebuildScriptCaches (74ms)
			SetupLoadedEditorAssemblies (988ms)
				LogAssemblyErrors (0ms)
				InitializePlatformSupportModulesInManaged (13ms)
				SetLoadedEditorAssemblies (1ms)
				RefreshPlugins (1ms)
				BeforeProcessingInitializeOnLoad (153ms)
				ProcessInitializeOnLoadAttributes (521ms)
				ProcessInitializeOnLoadMethodAttributes (283ms)
				AfterProcessingInitializeOnLoad (16ms)
				EditorAssembliesLoaded (0ms)
			ExecutionOrderSort2 (0ms)
			AwakeInstancesAfterBackupRestoration (12ms)
Platform modules already initialized, skipping
Refreshing native plugins compatible for Editor in 6.66 ms, found 2 plugins.
Preloading 0 native plugins for Editor in 0.00 ms.
Unloading 2476 Unused Serialized files (Serialized files now loaded: 0)
Unloading 56 unused Assets / (311.0 KB). Loaded Objects now: 3072.
Memory consumption went from 98.1 MB to 97.8 MB.
Total: 9.986100 ms (FindLiveObjects: 0.326100 ms CreateObjectMapping: 0.127100 ms MarkObjects: 9.439500 ms  DeleteObjects: 0.092200 ms)

AssetImportParameters requested are different than current active one (requested -> active):
  custom:video-decoder-ogg-theora: a1e56fd34408186e4bbccfd4996cb3dc -> 
  custom:container-muxer-webm: aa71ff27fc2769a1b78a27578f13a17b -> 
  custom:container-demuxer-webm: 4f35f7cbe854078d1ac9338744f61a02 -> 
  custom:video-encoder-webm-vp8: eb34c28f22e8b96e1ab97ce403110664 -> 
  custom:video-codec-MediaFoundation-h265: 746d11721c4dcdbdad8f713fa42b33f4 -> 
  custom:audio-encoder-webm-vorbis: bf7c407c2cedff20999df2af8eb42d56 -> 
  custom:framework-win-MediaFoundation: 216162199b28c13a410421893ffa2e32 -> 
  custom:container-demuxer-ogg: 62fdf1f143b41e24485cea50d1cbac27 -> 
  custom:video-decoder-webm-vp8: 9c59270c3fd7afecdb556c50c9e8de78 -> 
  custom:audio-decoder-ogg-vorbis: bf7c407c2cedff20999df2af8eb42d56 -> 
========================================================================
Received Prepare
Registering precompiled user dll's ...
Registered in 0.012128 seconds.
Begin MonoManager ReloadAssembly
Native extension for WindowsStandalone target not found
Native extension for WebGL target not found
Refreshing native plugins compatible for Editor in 1.61 ms, found 2 plugins.
Preloading 0 native plugins for Editor in 0.00 ms.
Mono: successfully reloaded assembly
- Completed reload, in  2.504 seconds
Domain Reload Profiling:
	ReloadAssembly (2506ms)
		BeginReloadAssembly (365ms)
			ExecutionOrderSort (0ms)
			DisableScriptedObjects (14ms)
			BackupInstance (0ms)
			ReleaseScriptingObjects (0ms)
			CreateAndSetChildDomain (56ms)
		EndReloadAssembly (1906ms)
			LoadAssemblies (283ms)
			RebuildTransferFunctionScriptingTraits (0ms)
			SetupTypeCache (520ms)
			ReleaseScriptCaches (3ms)
			RebuildScriptCaches (147ms)
			SetupLoadedEditorAssemblies (922ms)
				LogAssemblyErrors (0ms)
				InitializePlatformSupportModulesInManaged (14ms)
				SetLoadedEditorAssemblies (1ms)
				RefreshPlugins (2ms)
				BeforeProcessingInitializeOnLoad (145ms)
				ProcessInitializeOnLoadAttributes (429ms)
				ProcessInitializeOnLoadMethodAttributes (308ms)
				AfterProcessingInitializeOnLoad (23ms)
				EditorAssembliesLoaded (1ms)
			ExecutionOrderSort2 (0ms)
			AwakeInstancesAfterBackupRestoration (19ms)
Platform modules already initialized, skipping
Refreshing native plugins compatible for Editor in 7.66 ms, found 2 plugins.
Preloading 0 native plugins for Editor in 0.00 ms.
Unloading 2476 Unused Serialized files (Serialized files now loaded: 0)
Unloading 56 unused Assets / (311.0 KB). Loaded Objects now: 3075.
Memory consumption went from 98.1 MB to 97.8 MB.
Total: 10.231200 ms (FindLiveObjects: 0.312600 ms CreateObjectMapping: 0.176600 ms MarkObjects: 9.650800 ms  DeleteObjects: 0.089600 ms)

AssetImportParameters requested are different than current active one (requested -> active):
  custom:video-decoder-ogg-theora: a1e56fd34408186e4bbccfd4996cb3dc -> 
  custom:container-muxer-webm: aa71ff27fc2769a1b78a27578f13a17b -> 
  custom:container-demuxer-webm: 4f35f7cbe854078d1ac9338744f61a02 -> 
  custom:video-encoder-webm-vp8: eb34c28f22e8b96e1ab97ce403110664 -> 
  custom:video-codec-MediaFoundation-h265: 746d11721c4dcdbdad8f713fa42b33f4 -> 
  custom:audio-encoder-webm-vorbis: bf7c407c2cedff20999df2af8eb42d56 -> 
  custom:framework-win-MediaFoundation: 216162199b28c13a410421893ffa2e32 -> 
  custom:container-demuxer-ogg: 62fdf1f143b41e24485cea50d1cbac27 -> 
  custom:video-decoder-webm-vp8: 9c59270c3fd7afecdb556c50c9e8de78 -> 
  custom:audio-decoder-ogg-vorbis: bf7c407c2cedff20999df2af8eb42d56 -> 
========================================================================
Received Prepare
Registering precompiled user dll's ...
Registered in 0.009048 seconds.
Begin MonoManager ReloadAssembly
Native extension for WindowsStandalone target not found
Native extension for WebGL target not found
Refreshing native plugins compatible for Editor in 1.92 ms, found 2 plugins.
Preloading 0 native plugins for Editor in 0.00 ms.
Mono: successfully reloaded assembly
- Completed reload, in  2.506 seconds
Domain Reload Profiling:
	ReloadAssembly (2508ms)
		BeginReloadAssembly (382ms)
			ExecutionOrderSort (0ms)
			DisableScriptedObjects (16ms)
			BackupInstance (0ms)
			ReleaseScriptingObjects (0ms)
			CreateAndSetChildDomain (98ms)
		EndReloadAssembly (1839ms)
			LoadAssemblies (240ms)
			RebuildTransferFunctionScriptingTraits (0ms)
			SetupTypeCache (452ms)
			ReleaseScriptCaches (2ms)
			RebuildScriptCaches (92ms)
			SetupLoadedEditorAssemblies (1027ms)
				LogAssemblyErrors (0ms)
				InitializePlatformSupportModulesInManaged (16ms)
				SetLoadedEditorAssemblies (1ms)
				RefreshPlugins (2ms)
				BeforeProcessingInitializeOnLoad (191ms)
				ProcessInitializeOnLoadAttributes (480ms)
				ProcessInitializeOnLoadMethodAttributes (319ms)
				AfterProcessingInitializeOnLoad (17ms)
				EditorAssembliesLoaded (1ms)
			ExecutionOrderSort2 (0ms)
			AwakeInstancesAfterBackupRestoration (14ms)
Platform modules already initialized, skipping
Refreshing native plugins compatible for Editor in 11.04 ms, found 2 plugins.
Preloading 0 native plugins for Editor in 0.00 ms.
Unloading 2476 Unused Serialized files (Serialized files now loaded: 0)
Unloading 56 unused Assets / (310.7 KB). Loaded Objects now: 3078.
Memory consumption went from 98.1 MB to 97.8 MB.
Total: 15.010100 ms (FindLiveObjects: 0.429500 ms CreateObjectMapping: 0.160900 ms MarkObjects: 14.275500 ms  DeleteObjects: 0.141400 ms)

AssetImportParameters requested are different than current active one (requested -> active):
  custom:video-decoder-ogg-theora: a1e56fd34408186e4bbccfd4996cb3dc -> 
  custom:container-muxer-webm: aa71ff27fc2769a1b78a27578f13a17b -> 
  custom:container-demuxer-webm: 4f35f7cbe854078d1ac9338744f61a02 -> 
  custom:video-encoder-webm-vp8: eb34c28f22e8b96e1ab97ce403110664 -> 
  custom:video-codec-MediaFoundation-h265: 746d11721c4dcdbdad8f713fa42b33f4 -> 
  custom:audio-encoder-webm-vorbis: bf7c407c2cedff20999df2af8eb42d56 -> 
  custom:framework-win-MediaFoundation: 216162199b28c13a410421893ffa2e32 -> 
  custom:container-demuxer-ogg: 62fdf1f143b41e24485cea50d1cbac27 -> 
  custom:video-decoder-webm-vp8: 9c59270c3fd7afecdb556c50c9e8de78 -> 
  custom:audio-decoder-ogg-vorbis: bf7c407c2cedff20999df2af8eb42d56 -> 
========================================================================
Received Prepare
Registering precompiled user dll's ...
Registered in 0.007423 seconds.
Begin MonoManager ReloadAssembly
Native extension for WindowsStandalone target not found
Native extension for WebGL target not found
Refreshing native plugins compatible for Editor in 1.43 ms, found 2 plugins.
Preloading 0 native plugins for Editor in 0.00 ms.
Mono: successfully reloaded assembly
- Completed reload, in  2.496 seconds
Domain Reload Profiling:
	ReloadAssembly (2498ms)
		BeginReloadAssembly (291ms)
			ExecutionOrderSort (0ms)
			DisableScriptedObjects (12ms)
			BackupInstance (0ms)
			ReleaseScriptingObjects (0ms)
			CreateAndSetChildDomain (65ms)
		EndReloadAssembly (1994ms)
			LoadAssemblies (194ms)
			RebuildTransferFunctionScriptingTraits (0ms)
			SetupTypeCache (482ms)
			ReleaseScriptCaches (2ms)
			RebuildScriptCaches (97ms)
			SetupLoadedEditorAssemblies (1134ms)
				LogAssemblyErrors (0ms)
				InitializePlatformSupportModulesInManaged (14ms)
				SetLoadedEditorAssemblies (1ms)
				RefreshPlugins (2ms)
				BeforeProcessingInitializeOnLoad (174ms)
				ProcessInitializeOnLoadAttributes (534ms)
				ProcessInitializeOnLoadMethodAttributes (384ms)
				AfterProcessingInitializeOnLoad (25ms)
				EditorAssembliesLoaded (1ms)
			ExecutionOrderSort2 (0ms)
			AwakeInstancesAfterBackupRestoration (19ms)
Platform modules already initialized, skipping
Refreshing native plugins compatible for Editor in 9.59 ms, found 2 plugins.
Preloading 0 native plugins for Editor in 0.00 ms.
Unloading 2476 Unused Serialized files (Serialized files now loaded: 0)
Unloading 56 unused Assets / (310.7 KB). Loaded Objects now: 3081.
Memory consumption went from 98.1 MB to 97.8 MB.
Total: 13.231400 ms (FindLiveObjects: 0.363100 ms CreateObjectMapping: 0.151500 ms MarkObjects: 12.601700 ms  DeleteObjects: 0.113400 ms)

AssetImportParameters requested are different than current active one (requested -> active):
  custom:video-decoder-ogg-theora: a1e56fd34408186e4bbccfd4996cb3dc -> 
  custom:container-muxer-webm: aa71ff27fc2769a1b78a27578f13a17b -> 
  custom:container-demuxer-webm: 4f35f7cbe854078d1ac9338744f61a02 -> 
  custom:video-encoder-webm-vp8: eb34c28f22e8b96e1ab97ce403110664 -> 
  custom:video-codec-MediaFoundation-h265: 746d11721c4dcdbdad8f713fa42b33f4 -> 
  custom:audio-encoder-webm-vorbis: bf7c407c2cedff20999df2af8eb42d56 -> 
  custom:framework-win-MediaFoundation: 216162199b28c13a410421893ffa2e32 -> 
  custom:container-demuxer-ogg: 62fdf1f143b41e24485cea50d1cbac27 -> 
  custom:video-decoder-webm-vp8: 9c59270c3fd7afecdb556c50c9e8de78 -> 
  custom:audio-decoder-ogg-vorbis: bf7c407c2cedff20999df2af8eb42d56 -> 
========================================================================
Received Prepare
Registering precompiled user dll's ...
Registered in 0.011253 seconds.
Begin MonoManager ReloadAssembly
Native extension for WindowsStandalone target not found
Native extension for WebGL target not found
Refreshing native plugins compatible for Editor in 0.97 ms, found 2 plugins.
Preloading 0 native plugins for Editor in 0.00 ms.
Mono: successfully reloaded assembly
- Completed reload, in  2.008 seconds
Domain Reload Profiling:
	ReloadAssembly (2010ms)
		BeginReloadAssembly (255ms)
			ExecutionOrderSort (0ms)
			DisableScriptedObjects (10ms)
			BackupInstance (0ms)
			ReleaseScriptingObjects (0ms)
			CreateAndSetChildDomain (52ms)
		EndReloadAssembly (1537ms)
			LoadAssemblies (166ms)
			RebuildTransferFunctionScriptingTraits (0ms)
			SetupTypeCache (359ms)
			ReleaseScriptCaches (2ms)
			RebuildScriptCaches (86ms)
			SetupLoadedEditorAssemblies (857ms)
				LogAssemblyErrors (0ms)
				InitializePlatformSupportModulesInManaged (11ms)
				SetLoadedEditorAssemblies (1ms)
				RefreshPlugins (1ms)
				BeforeProcessingInitializeOnLoad (116ms)
				ProcessInitializeOnLoadAttributes (424ms)
				ProcessInitializeOnLoadMethodAttributes (288ms)
				AfterProcessingInitializeOnLoad (16ms)
				EditorAssembliesLoaded (1ms)
			ExecutionOrderSort2 (0ms)
			AwakeInstancesAfterBackupRestoration (13ms)
Platform modules already initialized, skipping
Refreshing native plugins compatible for Editor in 10.54 ms, found 2 plugins.
Preloading 0 native plugins for Editor in 0.00 ms.
Unloading 2476 Unused Serialized files (Serialized files now loaded: 0)
Unloading 56 unused Assets / (310.7 KB). Loaded Objects now: 3084.
Memory consumption went from 98.2 MB to 97.9 MB.
Total: 22.184800 ms (FindLiveObjects: 0.409600 ms CreateObjectMapping: 0.148700 ms MarkObjects: 21.484900 ms  DeleteObjects: 0.139000 ms)

AssetImportParameters requested are different than current active one (requested -> active):
  custom:video-decoder-ogg-theora: a1e56fd34408186e4bbccfd4996cb3dc -> 
  custom:container-muxer-webm: aa71ff27fc2769a1b78a27578f13a17b -> 
  custom:container-demuxer-webm: 4f35f7cbe854078d1ac9338744f61a02 -> 
  custom:video-encoder-webm-vp8: eb34c28f22e8b96e1ab97ce403110664 -> 
  custom:video-codec-MediaFoundation-h265: 746d11721c4dcdbdad8f713fa42b33f4 -> 
  custom:audio-encoder-webm-vorbis: bf7c407c2cedff20999df2af8eb42d56 -> 
  custom:framework-win-MediaFoundation: 216162199b28c13a410421893ffa2e32 -> 
  custom:container-demuxer-ogg: 62fdf1f143b41e24485cea50d1cbac27 -> 
  custom:video-decoder-webm-vp8: 9c59270c3fd7afecdb556c50c9e8de78 -> 
  custom:audio-decoder-ogg-vorbis: bf7c407c2cedff20999df2af8eb42d56 -> 
========================================================================
Received Prepare
Registering precompiled user dll's ...
Registered in 0.007793 seconds.
Begin MonoManager ReloadAssembly
Native extension for WindowsStandalone target not found
Native extension for WebGL target not found
Refreshing native plugins compatible for Editor in 2.02 ms, found 2 plugins.
Preloading 0 native plugins for Editor in 0.00 ms.
Mono: successfully reloaded assembly
- Completed reload, in  2.190 seconds
Domain Reload Profiling:
	ReloadAssembly (2192ms)
		BeginReloadAssembly (277ms)
			ExecutionOrderSort (0ms)
			DisableScriptedObjects (15ms)
			BackupInstance (0ms)
			ReleaseScriptingObjects (0ms)
			CreateAndSetChildDomain (65ms)
		EndReloadAssembly (1744ms)
			LoadAssemblies (157ms)
			RebuildTransferFunctionScriptingTraits (0ms)
			SetupTypeCache (357ms)
			ReleaseScriptCaches (2ms)
			RebuildScriptCaches (65ms)
			SetupLoadedEditorAssemblies (1048ms)
				LogAssemblyErrors (0ms)
				InitializePlatformSupportModulesInManaged (18ms)
				SetLoadedEditorAssemblies (2ms)
				RefreshPlugins (2ms)
				BeforeProcessingInitializeOnLoad (158ms)
				ProcessInitializeOnLoadAttributes (508ms)
				ProcessInitializeOnLoadMethodAttributes (336ms)
				AfterProcessingInitializeOnLoad (23ms)
				EditorAssembliesLoaded (1ms)
			ExecutionOrderSort2 (0ms)
			AwakeInstancesAfterBackupRestoration (18ms)
Platform modules already initialized, skipping
Refreshing native plugins compatible for Editor in 10.45 ms, found 2 plugins.
Preloading 0 native plugins for Editor in 0.00 ms.
Unloading 2476 Unused Serialized files (Serialized files now loaded: 0)
Unloading 56 unused Assets / (310.8 KB). Loaded Objects now: 3087.
Memory consumption went from 98.2 MB to 97.9 MB.
Total: 16.829000 ms (FindLiveObjects: 0.394500 ms CreateObjectMapping: 0.141500 ms MarkObjects: 16.149600 ms  DeleteObjects: 0.141200 ms)

AssetImportParameters requested are different than current active one (requested -> active):
  custom:video-decoder-ogg-theora: a1e56fd34408186e4bbccfd4996cb3dc -> 
  custom:container-muxer-webm: aa71ff27fc2769a1b78a27578f13a17b -> 
  custom:container-demuxer-webm: 4f35f7cbe854078d1ac9338744f61a02 -> 
  custom:video-encoder-webm-vp8: eb34c28f22e8b96e1ab97ce403110664 -> 
  custom:video-codec-MediaFoundation-h265: 746d11721c4dcdbdad8f713fa42b33f4 -> 
  custom:audio-encoder-webm-vorbis: bf7c407c2cedff20999df2af8eb42d56 -> 
  custom:framework-win-MediaFoundation: 216162199b28c13a410421893ffa2e32 -> 
  custom:container-demuxer-ogg: 62fdf1f143b41e24485cea50d1cbac27 -> 
  custom:video-decoder-webm-vp8: 9c59270c3fd7afecdb556c50c9e8de78 -> 
  custom:audio-decoder-ogg-vorbis: bf7c407c2cedff20999df2af8eb42d56 -> 
========================================================================
Received Prepare
Registering precompiled user dll's ...
Registered in 0.009375 seconds.
Begin MonoManager ReloadAssembly
Native extension for WindowsStandalone target not found
Native extension for WebGL target not found
Refreshing native plugins compatible for Editor in 1.25 ms, found 2 plugins.
Preloading 0 native plugins for Editor in 0.00 ms.
Mono: successfully reloaded assembly
- Completed reload, in  2.223 seconds
Domain Reload Profiling:
	ReloadAssembly (2224ms)
		BeginReloadAssembly (296ms)
			ExecutionOrderSort (0ms)
			DisableScriptedObjects (16ms)
			BackupInstance (0ms)
			ReleaseScriptingObjects (0ms)
			CreateAndSetChildDomain (61ms)
		EndReloadAssembly (1706ms)
			LoadAssemblies (206ms)
			RebuildTransferFunctionScriptingTraits (0ms)
			SetupTypeCache (368ms)
			ReleaseScriptCaches (2ms)
			RebuildScriptCaches (86ms)
			SetupLoadedEditorAssemblies (986ms)
				LogAssemblyErrors (0ms)
				InitializePlatformSupportModulesInManaged (16ms)
				SetLoadedEditorAssemblies (1ms)
				RefreshPlugins (1ms)
				BeforeProcessingInitializeOnLoad (114ms)
				ProcessInitializeOnLoadAttributes (525ms)
				ProcessInitializeOnLoadMethodAttributes (310ms)
				AfterProcessingInitializeOnLoad (18ms)
				EditorAssembliesLoaded (1ms)
			ExecutionOrderSort2 (0ms)
			AwakeInstancesAfterBackupRestoration (14ms)
Platform modules already initialized, skipping
Refreshing native plugins compatible for Editor in 10.22 ms, found 2 plugins.
Preloading 0 native plugins for Editor in 0.00 ms.
Unloading 2476 Unused Serialized files (Serialized files now loaded: 0)
Unloading 56 unused Assets / (310.8 KB). Loaded Objects now: 3090.
Memory consumption went from 98.2 MB to 97.9 MB.
Total: 14.516700 ms (FindLiveObjects: 0.406200 ms CreateObjectMapping: 0.156900 ms MarkObjects: 13.814400 ms  DeleteObjects: 0.136500 ms)

AssetImportParameters requested are different than current active one (requested -> active):
  custom:video-decoder-ogg-theora: a1e56fd34408186e4bbccfd4996cb3dc -> 
  custom:container-muxer-webm: aa71ff27fc2769a1b78a27578f13a17b -> 
  custom:container-demuxer-webm: 4f35f7cbe854078d1ac9338744f61a02 -> 
  custom:video-encoder-webm-vp8: eb34c28f22e8b96e1ab97ce403110664 -> 
  custom:video-codec-MediaFoundation-h265: 746d11721c4dcdbdad8f713fa42b33f4 -> 
  custom:audio-encoder-webm-vorbis: bf7c407c2cedff20999df2af8eb42d56 -> 
  custom:framework-win-MediaFoundation: 216162199b28c13a410421893ffa2e32 -> 
  custom:container-demuxer-ogg: 62fdf1f143b41e24485cea50d1cbac27 -> 
  custom:video-decoder-webm-vp8: 9c59270c3fd7afecdb556c50c9e8de78 -> 
  custom:audio-decoder-ogg-vorbis: bf7c407c2cedff20999df2af8eb42d56 -> 
========================================================================
Received Prepare
Registering precompiled user dll's ...
Registered in 0.005282 seconds.
Begin MonoManager ReloadAssembly
Native extension for WindowsStandalone target not found
Native extension for WebGL target not found
Refreshing native plugins compatible for Editor in 1.11 ms, found 2 plugins.
Preloading 0 native plugins for Editor in 0.00 ms.
Mono: successfully reloaded assembly
- Completed reload, in  2.263 seconds
Domain Reload Profiling:
	ReloadAssembly (2264ms)
		BeginReloadAssembly (260ms)
			ExecutionOrderSort (0ms)
			DisableScriptedObjects (12ms)
			BackupInstance (0ms)
			ReleaseScriptingObjects (0ms)
			CreateAndSetChildDomain (49ms)
		EndReloadAssembly (1779ms)
			LoadAssemblies (165ms)
			RebuildTransferFunctionScriptingTraits (0ms)
			SetupTypeCache (434ms)
			ReleaseScriptCaches (2ms)
			RebuildScriptCaches (80ms)
			SetupLoadedEditorAssemblies (1025ms)
				LogAssemblyErrors (0ms)
				InitializePlatformSupportModulesInManaged (13ms)
				SetLoadedEditorAssemblies (1ms)
				RefreshPlugins (1ms)
				BeforeProcessingInitializeOnLoad (146ms)
				ProcessInitializeOnLoadAttributes (491ms)
				ProcessInitializeOnLoadMethodAttributes (353ms)
				AfterProcessingInitializeOnLoad (19ms)
				EditorAssembliesLoaded (1ms)
			ExecutionOrderSort2 (0ms)
			AwakeInstancesAfterBackupRestoration (16ms)
Platform modules already initialized, skipping
Refreshing native plugins compatible for Editor in 10.55 ms, found 2 plugins.
Preloading 0 native plugins for Editor in 0.00 ms.
Unloading 2476 Unused Serialized files (Serialized files now loaded: 0)
Unloading 56 unused Assets / (310.7 KB). Loaded Objects now: 3093.
Memory consumption went from 98.2 MB to 97.9 MB.
Total: 14.830800 ms (FindLiveObjects: 0.417300 ms CreateObjectMapping: 0.152300 ms MarkObjects: 14.126300 ms  DeleteObjects: 0.132300 ms)

AssetImportParameters requested are different than current active one (requested -> active):
  custom:video-decoder-ogg-theora: a1e56fd34408186e4bbccfd4996cb3dc -> 
  custom:container-muxer-webm: aa71ff27fc2769a1b78a27578f13a17b -> 
  custom:container-demuxer-webm: 4f35f7cbe854078d1ac9338744f61a02 -> 
  custom:video-encoder-webm-vp8: eb34c28f22e8b96e1ab97ce403110664 -> 
  custom:video-codec-MediaFoundation-h265: 746d11721c4dcdbdad8f713fa42b33f4 -> 
  custom:audio-encoder-webm-vorbis: bf7c407c2cedff20999df2af8eb42d56 -> 
  custom:framework-win-MediaFoundation: 216162199b28c13a410421893ffa2e32 -> 
  custom:container-demuxer-ogg: 62fdf1f143b41e24485cea50d1cbac27 -> 
  custom:video-decoder-webm-vp8: 9c59270c3fd7afecdb556c50c9e8de78 -> 
  custom:audio-decoder-ogg-vorbis: bf7c407c2cedff20999df2af8eb42d56 -> 
========================================================================
Received Prepare
Registering precompiled user dll's ...
Registered in 0.017749 seconds.
Begin MonoManager ReloadAssembly
Native extension for WindowsStandalone target not found
Native extension for WebGL target not found
Refreshing native plugins compatible for Editor in 1.84 ms, found 2 plugins.
Preloading 0 native plugins for Editor in 0.00 ms.
Mono: successfully reloaded assembly
- Completed reload, in  3.973 seconds
Domain Reload Profiling:
	ReloadAssembly (3975ms)
		BeginReloadAssembly (505ms)
			ExecutionOrderSort (0ms)
			DisableScriptedObjects (24ms)
			BackupInstance (0ms)
			ReleaseScriptingObjects (0ms)
			CreateAndSetChildDomain (93ms)
		EndReloadAssembly (3068ms)
			LoadAssemblies (358ms)
			RebuildTransferFunctionScriptingTraits (0ms)
			SetupTypeCache (790ms)
			ReleaseScriptCaches (3ms)
			RebuildScriptCaches (192ms)
			SetupLoadedEditorAssemblies (1604ms)
				LogAssemblyErrors (0ms)
				InitializePlatformSupportModulesInManaged (32ms)
				SetLoadedEditorAssemblies (2ms)
				RefreshPlugins (2ms)
				BeforeProcessingInitializeOnLoad (252ms)
				ProcessInitializeOnLoadAttributes (841ms)
				ProcessInitializeOnLoadMethodAttributes (450ms)
				AfterProcessingInitializeOnLoad (24ms)
				EditorAssembliesLoaded (1ms)
			ExecutionOrderSort2 (0ms)
			AwakeInstancesAfterBackupRestoration (15ms)
Platform modules already initialized, skipping
Refreshing native plugins compatible for Editor in 11.33 ms, found 2 plugins.
Preloading 0 native plugins for Editor in 0.00 ms.
Unloading 2476 Unused Serialized files (Serialized files now loaded: 0)
Unloading 56 unused Assets / (311.0 KB). Loaded Objects now: 3096.
Memory consumption went from 98.2 MB to 97.9 MB.
Total: 17.673100 ms (FindLiveObjects: 0.462900 ms CreateObjectMapping: 0.245800 ms MarkObjects: 16.782400 ms  DeleteObjects: 0.179400 ms)

AssetImportParameters requested are different than current active one (requested -> active):
  custom:video-decoder-ogg-theora: a1e56fd34408186e4bbccfd4996cb3dc -> 
  custom:container-muxer-webm: aa71ff27fc2769a1b78a27578f13a17b -> 
  custom:container-demuxer-webm: 4f35f7cbe854078d1ac9338744f61a02 -> 
  custom:video-encoder-webm-vp8: eb34c28f22e8b96e1ab97ce403110664 -> 
  custom:video-codec-MediaFoundation-h265: 746d11721c4dcdbdad8f713fa42b33f4 -> 
  custom:audio-encoder-webm-vorbis: bf7c407c2cedff20999df2af8eb42d56 -> 
  custom:framework-win-MediaFoundation: 216162199b28c13a410421893ffa2e32 -> 
  custom:container-demuxer-ogg: 62fdf1f143b41e24485cea50d1cbac27 -> 
  custom:video-decoder-webm-vp8: 9c59270c3fd7afecdb556c50c9e8de78 -> 
  custom:audio-decoder-ogg-vorbis: bf7c407c2cedff20999df2af8eb42d56 -> 
========================================================================
Received Prepare
Registering precompiled user dll's ...
Registered in 0.022355 seconds.
Begin MonoManager ReloadAssembly
Native extension for WindowsStandalone target not found
Native extension for WebGL target not found
Refreshing native plugins compatible for Editor in 1.51 ms, found 2 plugins.
Preloading 0 native plugins for Editor in 0.00 ms.
Mono: successfully reloaded assembly
- Completed reload, in  2.547 seconds
Domain Reload Profiling:
	ReloadAssembly (2549ms)
		BeginReloadAssembly (408ms)
			ExecutionOrderSort (0ms)
			DisableScriptedObjects (21ms)
			BackupInstance (0ms)
			ReleaseScriptingObjects (0ms)
			CreateAndSetChildDomain (76ms)
		EndReloadAssembly (1897ms)
			LoadAssemblies (255ms)
			RebuildTransferFunctionScriptingTraits (0ms)
			SetupTypeCache (572ms)
			ReleaseScriptCaches (2ms)
			RebuildScriptCaches (117ms)
			SetupLoadedEditorAssemblies (978ms)
				LogAssemblyErrors (0ms)
				InitializePlatformSupportModulesInManaged (13ms)
				SetLoadedEditorAssemblies (1ms)
				RefreshPlugins (2ms)
				BeforeProcessingInitializeOnLoad (182ms)
				ProcessInitializeOnLoadAttributes (481ms)
				ProcessInitializeOnLoadMethodAttributes (287ms)
				AfterProcessingInitializeOnLoad (12ms)
				EditorAssembliesLoaded (0ms)
			ExecutionOrderSort2 (0ms)
			AwakeInstancesAfterBackupRestoration (9ms)
Platform modules already initialized, skipping
Refreshing native plugins compatible for Editor in 8.36 ms, found 2 plugins.
Preloading 0 native plugins for Editor in 0.00 ms.
Unloading 2476 Unused Serialized files (Serialized files now loaded: 0)
Unloading 56 unused Assets / (310.7 KB). Loaded Objects now: 3099.
Memory consumption went from 98.2 MB to 97.9 MB.
Total: 11.198100 ms (FindLiveObjects: 0.416600 ms CreateObjectMapping: 0.205000 ms MarkObjects: 10.437800 ms  DeleteObjects: 0.136200 ms)

AssetImportParameters requested are different than current active one (requested -> active):
  custom:video-decoder-ogg-theora: a1e56fd34408186e4bbccfd4996cb3dc -> 
  custom:container-muxer-webm: aa71ff27fc2769a1b78a27578f13a17b -> 
  custom:container-demuxer-webm: 4f35f7cbe854078d1ac9338744f61a02 -> 
  custom:video-encoder-webm-vp8: eb34c28f22e8b96e1ab97ce403110664 -> 
  custom:video-codec-MediaFoundation-h265: 746d11721c4dcdbdad8f713fa42b33f4 -> 
  custom:audio-encoder-webm-vorbis: bf7c407c2cedff20999df2af8eb42d56 -> 
  custom:framework-win-MediaFoundation: 216162199b28c13a410421893ffa2e32 -> 
  custom:container-demuxer-ogg: 62fdf1f143b41e24485cea50d1cbac27 -> 
  custom:video-decoder-webm-vp8: 9c59270c3fd7afecdb556c50c9e8de78 -> 
  custom:audio-decoder-ogg-vorbis: bf7c407c2cedff20999df2af8eb42d56 -> 
========================================================================
Received Prepare
Registering precompiled user dll's ...
Registered in 0.009097 seconds.
Begin MonoManager ReloadAssembly
Native extension for WindowsStandalone target not found
Native extension for WebGL target not found
Refreshing native plugins compatible for Editor in 1.18 ms, found 2 plugins.
Preloading 0 native plugins for Editor in 0.00 ms.
Mono: successfully reloaded assembly
- Completed reload, in  2.181 seconds
Domain Reload Profiling:
	ReloadAssembly (2183ms)
		BeginReloadAssembly (250ms)
			ExecutionOrderSort (0ms)
			DisableScriptedObjects (9ms)
			BackupInstance (0ms)
			ReleaseScriptingObjects (0ms)
			CreateAndSetChildDomain (55ms)
		EndReloadAssembly (1752ms)
			LoadAssemblies (163ms)
			RebuildTransferFunctionScriptingTraits (0ms)
			SetupTypeCache (443ms)
			ReleaseScriptCaches (2ms)
			RebuildScriptCaches (70ms)
			SetupLoadedEditorAssemblies (1009ms)
				LogAssemblyErrors (0ms)
				InitializePlatformSupportModulesInManaged (13ms)
				SetLoadedEditorAssemblies (1ms)
				RefreshPlugins (1ms)
				BeforeProcessingInitializeOnLoad (112ms)
				ProcessInitializeOnLoadAttributes (518ms)
				ProcessInitializeOnLoadMethodAttributes (344ms)
				AfterProcessingInitializeOnLoad (18ms)
				EditorAssembliesLoaded (1ms)
			ExecutionOrderSort2 (0ms)
			AwakeInstancesAfterBackupRestoration (16ms)
Platform modules already initialized, skipping
Refreshing native plugins compatible for Editor in 10.73 ms, found 2 plugins.
Preloading 0 native plugins for Editor in 0.00 ms.
Unloading 2476 Unused Serialized files (Serialized files now loaded: 0)
Unloading 56 unused Assets / (310.7 KB). Loaded Objects now: 3102.
Memory consumption went from 98.2 MB to 97.9 MB.
Total: 13.403400 ms (FindLiveObjects: 0.385100 ms CreateObjectMapping: 0.157300 ms MarkObjects: 12.739400 ms  DeleteObjects: 0.119500 ms)

AssetImportParameters requested are different than current active one (requested -> active):
  custom:video-decoder-ogg-theora: a1e56fd34408186e4bbccfd4996cb3dc -> 
  custom:container-muxer-webm: aa71ff27fc2769a1b78a27578f13a17b -> 
  custom:container-demuxer-webm: 4f35f7cbe854078d1ac9338744f61a02 -> 
  custom:video-encoder-webm-vp8: eb34c28f22e8b96e1ab97ce403110664 -> 
  custom:video-codec-MediaFoundation-h265: 746d11721c4dcdbdad8f713fa42b33f4 -> 
  custom:audio-encoder-webm-vorbis: bf7c407c2cedff20999df2af8eb42d56 -> 
  custom:framework-win-MediaFoundation: 216162199b28c13a410421893ffa2e32 -> 
  custom:container-demuxer-ogg: 62fdf1f143b41e24485cea50d1cbac27 -> 
  custom:video-decoder-webm-vp8: 9c59270c3fd7afecdb556c50c9e8de78 -> 
  custom:audio-decoder-ogg-vorbis: bf7c407c2cedff20999df2af8eb42d56 -> 
========================================================================
Received Prepare
Registering precompiled user dll's ...
Registered in 0.028436 seconds.
Begin MonoManager ReloadAssembly
Native extension for WindowsStandalone target not found
Native extension for WebGL target not found
Refreshing native plugins compatible for Editor in 4.45 ms, found 2 plugins.
Preloading 0 native plugins for Editor in 0.00 ms.
Mono: successfully reloaded assembly
- Completed reload, in 10.503 seconds
Domain Reload Profiling:
	ReloadAssembly (10510ms)
		BeginReloadAssembly (1040ms)
			ExecutionOrderSort (0ms)
			DisableScriptedObjects (81ms)
			BackupInstance (0ms)
			ReleaseScriptingObjects (1ms)
			CreateAndSetChildDomain (278ms)
		EndReloadAssembly (8341ms)
			LoadAssemblies (587ms)
			RebuildTransferFunctionScriptingTraits (0ms)
			SetupTypeCache (2715ms)
			ReleaseScriptCaches (8ms)
			RebuildScriptCaches (294ms)
			SetupLoadedEditorAssemblies (4157ms)
				LogAssemblyErrors (0ms)
				InitializePlatformSupportModulesInManaged (79ms)
				SetLoadedEditorAssemblies (4ms)
				RefreshPlugins (6ms)
				BeforeProcessingInitializeOnLoad (1076ms)
				ProcessInitializeOnLoadAttributes (2139ms)
				ProcessInitializeOnLoadMethodAttributes (801ms)
				AfterProcessingInitializeOnLoad (50ms)
				EditorAssembliesLoaded (2ms)
			ExecutionOrderSort2 (0ms)
			AwakeInstancesAfterBackupRestoration (111ms)
Platform modules already initialized, skipping
Refreshing native plugins compatible for Editor in 16.90 ms, found 2 plugins.
Preloading 0 native plugins for Editor in 0.00 ms.
Unloading 2476 Unused Serialized files (Serialized files now loaded: 0)
Unloading 56 unused Assets / (310.8 KB). Loaded Objects now: 3105.
Memory consumption went from 98.3 MB to 97.9 MB.
Total: 23.901500 ms (FindLiveObjects: 0.474900 ms CreateObjectMapping: 0.201600 ms MarkObjects: 22.980600 ms  DeleteObjects: 0.240900 ms)

AssetImportParameters requested are different than current active one (requested -> active):
  custom:video-decoder-ogg-theora: a1e56fd34408186e4bbccfd4996cb3dc -> 
  custom:container-muxer-webm: aa71ff27fc2769a1b78a27578f13a17b -> 
  custom:container-demuxer-webm: 4f35f7cbe854078d1ac9338744f61a02 -> 
  custom:video-encoder-webm-vp8: eb34c28f22e8b96e1ab97ce403110664 -> 
  custom:video-codec-MediaFoundation-h265: 746d11721c4dcdbdad8f713fa42b33f4 -> 
  custom:audio-encoder-webm-vorbis: bf7c407c2cedff20999df2af8eb42d56 -> 
  custom:framework-win-MediaFoundation: 216162199b28c13a410421893ffa2e32 -> 
  custom:container-demuxer-ogg: 62fdf1f143b41e24485cea50d1cbac27 -> 
  custom:video-decoder-webm-vp8: 9c59270c3fd7afecdb556c50c9e8de78 -> 
  custom:audio-decoder-ogg-vorbis: bf7c407c2cedff20999df2af8eb42d56 -> 
========================================================================
Received Prepare
Registering precompiled user dll's ...
Registered in 0.018957 seconds.
Begin MonoManager ReloadAssembly
Native extension for WindowsStandalone target not found
Native extension for WebGL target not found
Refreshing native plugins compatible for Editor in 2.78 ms, found 2 plugins.
Preloading 0 native plugins for Editor in 0.00 ms.
Mono: successfully reloaded assembly
- Completed reload, in  5.420 seconds
Domain Reload Profiling:
	ReloadAssembly (5423ms)
		BeginReloadAssembly (1076ms)
			ExecutionOrderSort (0ms)
			DisableScriptedObjects (48ms)
			BackupInstance (0ms)
			ReleaseScriptingObjects (0ms)
			CreateAndSetChildDomain (374ms)
		EndReloadAssembly (3667ms)
			LoadAssemblies (549ms)
			RebuildTransferFunctionScriptingTraits (1ms)
			SetupTypeCache (1129ms)
			ReleaseScriptCaches (4ms)
			RebuildScriptCaches (345ms)
			SetupLoadedEditorAssemblies (1551ms)
				LogAssemblyErrors (0ms)
				InitializePlatformSupportModulesInManaged (29ms)
				SetLoadedEditorAssemblies (3ms)
				RefreshPlugins (3ms)
				BeforeProcessingInitializeOnLoad (284ms)
				ProcessInitializeOnLoadAttributes (748ms)
				ProcessInitializeOnLoadMethodAttributes (458ms)
				AfterProcessingInitializeOnLoad (25ms)
				EditorAssembliesLoaded (1ms)
			ExecutionOrderSort2 (0ms)
			AwakeInstancesAfterBackupRestoration (22ms)
Platform modules already initialized, skipping
Refreshing native plugins compatible for Editor in 15.68 ms, found 2 plugins.
Preloading 0 native plugins for Editor in 0.00 ms.
Unloading 2476 Unused Serialized files (Serialized files now loaded: 0)
Unloading 56 unused Assets / (311.1 KB). Loaded Objects now: 3108.
Memory consumption went from 98.3 MB to 98.0 MB.
Total: 16.680700 ms (FindLiveObjects: 0.540100 ms CreateObjectMapping: 0.224300 ms MarkObjects: 15.766900 ms  DeleteObjects: 0.146600 ms)

AssetImportParameters requested are different than current active one (requested -> active):
  custom:video-decoder-ogg-theora: a1e56fd34408186e4bbccfd4996cb3dc -> 
  custom:container-muxer-webm: aa71ff27fc2769a1b78a27578f13a17b -> 
  custom:container-demuxer-webm: 4f35f7cbe854078d1ac9338744f61a02 -> 
  custom:video-encoder-webm-vp8: eb34c28f22e8b96e1ab97ce403110664 -> 
  custom:video-codec-MediaFoundation-h265: 746d11721c4dcdbdad8f713fa42b33f4 -> 
  custom:audio-encoder-webm-vorbis: bf7c407c2cedff20999df2af8eb42d56 -> 
  custom:framework-win-MediaFoundation: 216162199b28c13a410421893ffa2e32 -> 
  custom:container-demuxer-ogg: 62fdf1f143b41e24485cea50d1cbac27 -> 
  custom:video-decoder-webm-vp8: 9c59270c3fd7afecdb556c50c9e8de78 -> 
  custom:audio-decoder-ogg-vorbis: bf7c407c2cedff20999df2af8eb42d56 -> 
========================================================================
Received Prepare
Registering precompiled user dll's ...
Registered in 0.039062 seconds.
Begin MonoManager ReloadAssembly
Native extension for WindowsStandalone target not found
Native extension for WebGL target not found
Refreshing native plugins compatible for Editor in 1.40 ms, found 2 plugins.
Preloading 0 native plugins for Editor in 0.00 ms.
Mono: successfully reloaded assembly
- Completed reload, in  3.710 seconds
Domain Reload Profiling:
	ReloadAssembly (3712ms)
		BeginReloadAssembly (514ms)
			ExecutionOrderSort (0ms)
			DisableScriptedObjects (17ms)
			BackupInstance (0ms)
			ReleaseScriptingObjects (0ms)
			CreateAndSetChildDomain (129ms)
		EndReloadAssembly (2670ms)
			LoadAssemblies (325ms)
			RebuildTransferFunctionScriptingTraits (0ms)
			SetupTypeCache (860ms)
			ReleaseScriptCaches (2ms)
			RebuildScriptCaches (168ms)
			SetupLoadedEditorAssemblies (1285ms)
				LogAssemblyErrors (0ms)
				InitializePlatformSupportModulesInManaged (23ms)
				SetLoadedEditorAssemblies (1ms)
				RefreshPlugins (2ms)
				BeforeProcessingInitializeOnLoad (139ms)
				ProcessInitializeOnLoadAttributes (712ms)
				ProcessInitializeOnLoadMethodAttributes (393ms)
				AfterProcessingInitializeOnLoad (15ms)
				EditorAssembliesLoaded (0ms)
			ExecutionOrderSort2 (0ms)
			AwakeInstancesAfterBackupRestoration (11ms)
Platform modules already initialized, skipping
Refreshing native plugins compatible for Editor in 16.15 ms, found 2 plugins.
Preloading 0 native plugins for Editor in 0.00 ms.
Unloading 2476 Unused Serialized files (Serialized files now loaded: 0)
Unloading 56 unused Assets / (310.9 KB). Loaded Objects now: 3111.
Memory consumption went from 98.3 MB to 98.0 MB.
Total: 17.959400 ms (FindLiveObjects: 0.545600 ms CreateObjectMapping: 0.245700 ms MarkObjects: 17.011900 ms  DeleteObjects: 0.153700 ms)

AssetImportParameters requested are different than current active one (requested -> active):
  custom:video-decoder-ogg-theora: a1e56fd34408186e4bbccfd4996cb3dc -> 
  custom:container-muxer-webm: aa71ff27fc2769a1b78a27578f13a17b -> 
  custom:container-demuxer-webm: 4f35f7cbe854078d1ac9338744f61a02 -> 
  custom:video-encoder-webm-vp8: eb34c28f22e8b96e1ab97ce403110664 -> 
  custom:video-codec-MediaFoundation-h265: 746d11721c4dcdbdad8f713fa42b33f4 -> 
  custom:audio-encoder-webm-vorbis: bf7c407c2cedff20999df2af8eb42d56 -> 
  custom:framework-win-MediaFoundation: 216162199b28c13a410421893ffa2e32 -> 
  custom:container-demuxer-ogg: 62fdf1f143b41e24485cea50d1cbac27 -> 
  custom:video-decoder-webm-vp8: 9c59270c3fd7afecdb556c50c9e8de78 -> 
  custom:audio-decoder-ogg-vorbis: bf7c407c2cedff20999df2af8eb42d56 -> 
========================================================================
Received Prepare
Registering precompiled user dll's ...
Registered in 0.015544 seconds.
Begin MonoManager ReloadAssembly
Native extension for WindowsStandalone target not found
Native extension for WebGL target not found
Refreshing native plugins compatible for Editor in 1.96 ms, found 2 plugins.
Preloading 0 native plugins for Editor in 0.00 ms.
Mono: successfully reloaded assembly
- Completed reload, in  3.907 seconds
Domain Reload Profiling:
	ReloadAssembly (3910ms)
		BeginReloadAssembly (378ms)
			ExecutionOrderSort (0ms)
			DisableScriptedObjects (16ms)
			BackupInstance (0ms)
			ReleaseScriptingObjects (0ms)
			CreateAndSetChildDomain (84ms)
		EndReloadAssembly (3216ms)
			LoadAssemblies (249ms)
			RebuildTransferFunctionScriptingTraits (0ms)
			SetupTypeCache (817ms)
			ReleaseScriptCaches (5ms)
			RebuildScriptCaches (236ms)
			SetupLoadedEditorAssemblies (1651ms)
				LogAssemblyErrors (0ms)
				InitializePlatformSupportModulesInManaged (25ms)
				SetLoadedEditorAssemblies (2ms)
				RefreshPlugins (2ms)
				BeforeProcessingInitializeOnLoad (282ms)
				ProcessInitializeOnLoadAttributes (776ms)
				ProcessInitializeOnLoadMethodAttributes (530ms)
				AfterProcessingInitializeOnLoad (33ms)
				EditorAssembliesLoaded (1ms)
			ExecutionOrderSort2 (0ms)
			AwakeInstancesAfterBackupRestoration (24ms)
Platform modules already initialized, skipping
Refreshing native plugins compatible for Editor in 22.38 ms, found 2 plugins.
Preloading 0 native plugins for Editor in 0.00 ms.
Unloading 2476 Unused Serialized files (Serialized files now loaded: 0)
Unloading 56 unused Assets / (310.9 KB). Loaded Objects now: 3114.
Memory consumption went from 98.3 MB to 98.0 MB.
Total: 32.877200 ms (FindLiveObjects: 1.643500 ms CreateObjectMapping: 0.347900 ms MarkObjects: 30.651600 ms  DeleteObjects: 0.230600 ms)

AssetImportParameters requested are different than current active one (requested -> active):
  custom:video-decoder-ogg-theora: a1e56fd34408186e4bbccfd4996cb3dc -> 
  custom:container-muxer-webm: aa71ff27fc2769a1b78a27578f13a17b -> 
  custom:container-demuxer-webm: 4f35f7cbe854078d1ac9338744f61a02 -> 
  custom:video-encoder-webm-vp8: eb34c28f22e8b96e1ab97ce403110664 -> 
  custom:video-codec-MediaFoundation-h265: 746d11721c4dcdbdad8f713fa42b33f4 -> 
  custom:audio-encoder-webm-vorbis: bf7c407c2cedff20999df2af8eb42d56 -> 
  custom:framework-win-MediaFoundation: 216162199b28c13a410421893ffa2e32 -> 
  custom:container-demuxer-ogg: 62fdf1f143b41e24485cea50d1cbac27 -> 
  custom:video-decoder-webm-vp8: 9c59270c3fd7afecdb556c50c9e8de78 -> 
  custom:audio-decoder-ogg-vorbis: bf7c407c2cedff20999df2af8eb42d56 -> 
========================================================================
Received Prepare
Registering precompiled user dll's ...
Registered in 0.043464 seconds.
Begin MonoManager ReloadAssembly
Native extension for WindowsStandalone target not found
Native extension for WebGL target not found
Refreshing native plugins compatible for Editor in 2.77 ms, found 2 plugins.
Preloading 0 native plugins for Editor in 0.00 ms.
Mono: successfully reloaded assembly
- Completed reload, in  6.249 seconds
Domain Reload Profiling:
	ReloadAssembly (6251ms)
		BeginReloadAssembly (543ms)
			ExecutionOrderSort (0ms)
			DisableScriptedObjects (27ms)
			BackupInstance (0ms)
			ReleaseScriptingObjects (0ms)
			CreateAndSetChildDomain (96ms)
		EndReloadAssembly (4757ms)
			LoadAssemblies (465ms)
			RebuildTransferFunctionScriptingTraits (0ms)
			SetupTypeCache (2088ms)
			ReleaseScriptCaches (4ms)
			RebuildScriptCaches (329ms)
			SetupLoadedEditorAssemblies (1771ms)
				LogAssemblyErrors (0ms)
				InitializePlatformSupportModulesInManaged (27ms)
				SetLoadedEditorAssemblies (2ms)
				RefreshPlugins (3ms)
				BeforeProcessingInitializeOnLoad (227ms)
				ProcessInitializeOnLoadAttributes (1168ms)
				ProcessInitializeOnLoadMethodAttributes (325ms)
				AfterProcessingInitializeOnLoad (17ms)
				EditorAssembliesLoaded (1ms)
			ExecutionOrderSort2 (0ms)
			AwakeInstancesAfterBackupRestoration (17ms)
Platform modules already initialized, skipping
Refreshing native plugins compatible for Editor in 13.93 ms, found 2 plugins.
Preloading 0 native plugins for Editor in 0.00 ms.
Unloading 2476 Unused Serialized files (Serialized files now loaded: 0)
Unloading 56 unused Assets / (310.7 KB). Loaded Objects now: 3117.
Memory consumption went from 98.3 MB to 98.0 MB.
Total: 24.845100 ms (FindLiveObjects: 0.476900 ms CreateObjectMapping: 0.328900 ms MarkObjects: 23.672800 ms  DeleteObjects: 0.363200 ms)

AssetImportParameters requested are different than current active one (requested -> active):
  custom:video-decoder-ogg-theora: a1e56fd34408186e4bbccfd4996cb3dc -> 
  custom:container-muxer-webm: aa71ff27fc2769a1b78a27578f13a17b -> 
  custom:container-demuxer-webm: 4f35f7cbe854078d1ac9338744f61a02 -> 
  custom:video-encoder-webm-vp8: eb34c28f22e8b96e1ab97ce403110664 -> 
  custom:video-codec-MediaFoundation-h265: 746d11721c4dcdbdad8f713fa42b33f4 -> 
  custom:audio-encoder-webm-vorbis: bf7c407c2cedff20999df2af8eb42d56 -> 
  custom:framework-win-MediaFoundation: 216162199b28c13a410421893ffa2e32 -> 
  custom:container-demuxer-ogg: 62fdf1f143b41e24485cea50d1cbac27 -> 
  custom:video-decoder-webm-vp8: 9c59270c3fd7afecdb556c50c9e8de78 -> 
  custom:audio-decoder-ogg-vorbis: bf7c407c2cedff20999df2af8eb42d56 -> 
========================================================================
Received Prepare
Registering precompiled user dll's ...
Registered in 0.010821 seconds.
Begin MonoManager ReloadAssembly
Native extension for WindowsStandalone target not found
Native extension for WebGL target not found
Refreshing native plugins compatible for Editor in 1.45 ms, found 2 plugins.
Preloading 0 native plugins for Editor in 0.00 ms.
Mono: successfully reloaded assembly
- Completed reload, in  2.453 seconds
Domain Reload Profiling:
	ReloadAssembly (2455ms)
		BeginReloadAssembly (269ms)
			ExecutionOrderSort (0ms)
			DisableScriptedObjects (11ms)
			BackupInstance (0ms)
			ReleaseScriptingObjects (0ms)
			CreateAndSetChildDomain (53ms)
		EndReloadAssembly (1930ms)
			LoadAssemblies (208ms)
			RebuildTransferFunctionScriptingTraits (0ms)
			SetupTypeCache (409ms)
			ReleaseScriptCaches (2ms)
			RebuildScriptCaches (97ms)
			SetupLoadedEditorAssemblies (1127ms)
				LogAssemblyErrors (0ms)
				InitializePlatformSupportModulesInManaged (23ms)
				SetLoadedEditorAssemblies (1ms)
				RefreshPlugins (2ms)
				BeforeProcessingInitializeOnLoad (154ms)
				ProcessInitializeOnLoadAttributes (552ms)
				ProcessInitializeOnLoadMethodAttributes (376ms)
				AfterProcessingInitializeOnLoad (19ms)
				EditorAssembliesLoaded (1ms)
			ExecutionOrderSort2 (0ms)
			AwakeInstancesAfterBackupRestoration (16ms)
Platform modules already initialized, skipping
Refreshing native plugins compatible for Editor in 12.91 ms, found 2 plugins.
Preloading 0 native plugins for Editor in 0.00 ms.
Unloading 2476 Unused Serialized files (Serialized files now loaded: 0)
Unloading 56 unused Assets / (310.6 KB). Loaded Objects now: 3120.
Memory consumption went from 98.3 MB to 98.0 MB.
Total: 16.737900 ms (FindLiveObjects: 0.462000 ms CreateObjectMapping: 0.173600 ms MarkObjects: 15.944900 ms  DeleteObjects: 0.154000 ms)

AssetImportParameters requested are different than current active one (requested -> active):
  custom:video-decoder-ogg-theora: a1e56fd34408186e4bbccfd4996cb3dc -> 
  custom:container-muxer-webm: aa71ff27fc2769a1b78a27578f13a17b -> 
  custom:container-demuxer-webm: 4f35f7cbe854078d1ac9338744f61a02 -> 
  custom:video-encoder-webm-vp8: eb34c28f22e8b96e1ab97ce403110664 -> 
  custom:video-codec-MediaFoundation-h265: 746d11721c4dcdbdad8f713fa42b33f4 -> 
  custom:audio-encoder-webm-vorbis: bf7c407c2cedff20999df2af8eb42d56 -> 
  custom:framework-win-MediaFoundation: 216162199b28c13a410421893ffa2e32 -> 
  custom:container-demuxer-ogg: 62fdf1f143b41e24485cea50d1cbac27 -> 
  custom:video-decoder-webm-vp8: 9c59270c3fd7afecdb556c50c9e8de78 -> 
  custom:audio-decoder-ogg-vorbis: bf7c407c2cedff20999df2af8eb42d56 -> 
========================================================================
Received Prepare
Registering precompiled user dll's ...
Registered in 0.008891 seconds.
Begin MonoManager ReloadAssembly
Native extension for WindowsStandalone target not found
Native extension for WebGL target not found
Refreshing native plugins compatible for Editor in 1.54 ms, found 2 plugins.
Preloading 0 native plugins for Editor in 0.00 ms.
Mono: successfully reloaded assembly
- Completed reload, in  2.424 seconds
Domain Reload Profiling:
	ReloadAssembly (2426ms)
		BeginReloadAssembly (324ms)
			ExecutionOrderSort (0ms)
			DisableScriptedObjects (18ms)
			BackupInstance (0ms)
			ReleaseScriptingObjects (0ms)
			CreateAndSetChildDomain (61ms)
		EndReloadAssembly (1910ms)
			LoadAssemblies (200ms)
			RebuildTransferFunctionScriptingTraits (0ms)
			SetupTypeCache (421ms)
			ReleaseScriptCaches (2ms)
			RebuildScriptCaches (99ms)
			SetupLoadedEditorAssemblies (1121ms)
				LogAssemblyErrors (0ms)
				InitializePlatformSupportModulesInManaged (20ms)
				SetLoadedEditorAssemblies (1ms)
				RefreshPlugins (2ms)
				BeforeProcessingInitializeOnLoad (158ms)
				ProcessInitializeOnLoadAttributes (568ms)
				ProcessInitializeOnLoadMethodAttributes (352ms)
				AfterProcessingInitializeOnLoad (19ms)
				EditorAssembliesLoaded (1ms)
			ExecutionOrderSort2 (0ms)
			AwakeInstancesAfterBackupRestoration (15ms)
Platform modules already initialized, skipping
Refreshing native plugins compatible for Editor in 11.37 ms, found 2 plugins.
Preloading 0 native plugins for Editor in 0.00 ms.
Unloading 2476 Unused Serialized files (Serialized files now loaded: 0)
Unloading 56 unused Assets / (310.7 KB). Loaded Objects now: 3123.
Memory consumption went from 98.3 MB to 98.0 MB.
Total: 19.433100 ms (FindLiveObjects: 0.470800 ms CreateObjectMapping: 0.322800 ms MarkObjects: 18.406400 ms  DeleteObjects: 0.230000 ms)

AssetImportParameters requested are different than current active one (requested -> active):
  custom:video-decoder-ogg-theora: a1e56fd34408186e4bbccfd4996cb3dc -> 
  custom:container-muxer-webm: aa71ff27fc2769a1b78a27578f13a17b -> 
  custom:container-demuxer-webm: 4f35f7cbe854078d1ac9338744f61a02 -> 
  custom:video-encoder-webm-vp8: eb34c28f22e8b96e1ab97ce403110664 -> 
  custom:video-codec-MediaFoundation-h265: 746d11721c4dcdbdad8f713fa42b33f4 -> 
  custom:audio-encoder-webm-vorbis: bf7c407c2cedff20999df2af8eb42d56 -> 
  custom:framework-win-MediaFoundation: 216162199b28c13a410421893ffa2e32 -> 
  custom:container-demuxer-ogg: 62fdf1f143b41e24485cea50d1cbac27 -> 
  custom:video-decoder-webm-vp8: 9c59270c3fd7afecdb556c50c9e8de78 -> 
  custom:audio-decoder-ogg-vorbis: bf7c407c2cedff20999df2af8eb42d56 -> 
========================================================================
Received Prepare
Registering precompiled user dll's ...
Registered in 0.009757 seconds.
Begin MonoManager ReloadAssembly
Native extension for WindowsStandalone target not found
Native extension for WebGL target not found
Refreshing native plugins compatible for Editor in 1.37 ms, found 2 plugins.
Preloading 0 native plugins for Editor in 0.00 ms.
Mono: successfully reloaded assembly
- Completed reload, in  2.424 seconds
Domain Reload Profiling:
	ReloadAssembly (2425ms)
		BeginReloadAssembly (283ms)
			ExecutionOrderSort (0ms)
			DisableScriptedObjects (14ms)
			BackupInstance (0ms)
			ReleaseScriptingObjects (0ms)
			CreateAndSetChildDomain (61ms)
		EndReloadAssembly (1882ms)
			LoadAssemblies (194ms)
			RebuildTransferFunctionScriptingTraits (0ms)
			SetupTypeCache (463ms)
			ReleaseScriptCaches (2ms)
			RebuildScriptCaches (81ms)
			SetupLoadedEditorAssemblies (1079ms)
				LogAssemblyErrors (0ms)
				InitializePlatformSupportModulesInManaged (15ms)
				SetLoadedEditorAssemblies (1ms)
				RefreshPlugins (1ms)
				BeforeProcessingInitializeOnLoad (155ms)
				ProcessInitializeOnLoadAttributes (522ms)
				ProcessInitializeOnLoadMethodAttributes (362ms)
				AfterProcessingInitializeOnLoad (22ms)
				EditorAssembliesLoaded (1ms)
			ExecutionOrderSort2 (0ms)
			AwakeInstancesAfterBackupRestoration (17ms)
Platform modules already initialized, skipping
Refreshing native plugins compatible for Editor in 13.41 ms, found 2 plugins.
Preloading 0 native plugins for Editor in 0.00 ms.
Unloading 2476 Unused Serialized files (Serialized files now loaded: 0)
Unloading 56 unused Assets / (310.9 KB). Loaded Objects now: 3126.
Memory consumption went from 98.3 MB to 98.0 MB.
Total: 24.194500 ms (FindLiveObjects: 0.429000 ms CreateObjectMapping: 0.170500 ms MarkObjects: 23.400400 ms  DeleteObjects: 0.192100 ms)

AssetImportParameters requested are different than current active one (requested -> active):
  custom:video-decoder-ogg-theora: a1e56fd34408186e4bbccfd4996cb3dc -> 
  custom:container-muxer-webm: aa71ff27fc2769a1b78a27578f13a17b -> 
  custom:container-demuxer-webm: 4f35f7cbe854078d1ac9338744f61a02 -> 
  custom:video-encoder-webm-vp8: eb34c28f22e8b96e1ab97ce403110664 -> 
  custom:video-codec-MediaFoundation-h265: 746d11721c4dcdbdad8f713fa42b33f4 -> 
  custom:audio-encoder-webm-vorbis: bf7c407c2cedff20999df2af8eb42d56 -> 
  custom:framework-win-MediaFoundation: 216162199b28c13a410421893ffa2e32 -> 
  custom:container-demuxer-ogg: 62fdf1f143b41e24485cea50d1cbac27 -> 
  custom:video-decoder-webm-vp8: 9c59270c3fd7afecdb556c50c9e8de78 -> 
  custom:audio-decoder-ogg-vorbis: bf7c407c2cedff20999df2af8eb42d56 -> 
========================================================================
Received Prepare
Registering precompiled user dll's ...
Registered in 0.020754 seconds.
Begin MonoManager ReloadAssembly
Native extension for WindowsStandalone target not found
Native extension for WebGL target not found
Refreshing native plugins compatible for Editor in 1.76 ms, found 2 plugins.
Preloading 0 native plugins for Editor in 0.00 ms.
Mono: successfully reloaded assembly
- Completed reload, in  4.281 seconds
Domain Reload Profiling:
	ReloadAssembly (4283ms)
		BeginReloadAssembly (500ms)
			ExecutionOrderSort (0ms)
			DisableScriptedObjects (21ms)
			BackupInstance (0ms)
			ReleaseScriptingObjects (0ms)
			CreateAndSetChildDomain (112ms)
		EndReloadAssembly (3398ms)
			LoadAssemblies (345ms)
			RebuildTransferFunctionScriptingTraits (0ms)
			SetupTypeCache (971ms)
			ReleaseScriptCaches (4ms)
			RebuildScriptCaches (198ms)
			SetupLoadedEditorAssemblies (1730ms)
				LogAssemblyErrors (0ms)
				InitializePlatformSupportModulesInManaged (26ms)
				SetLoadedEditorAssemblies (1ms)
				RefreshPlugins (2ms)
				BeforeProcessingInitializeOnLoad (227ms)
				ProcessInitializeOnLoadAttributes (910ms)
				ProcessInitializeOnLoadMethodAttributes (527ms)
				AfterProcessingInitializeOnLoad (34ms)
				EditorAssembliesLoaded (1ms)
			ExecutionOrderSort2 (0ms)
			AwakeInstancesAfterBackupRestoration (28ms)
Platform modules already initialized, skipping
Refreshing native plugins compatible for Editor in 22.82 ms, found 2 plugins.
Preloading 0 native plugins for Editor in 0.00 ms.
Unloading 2476 Unused Serialized files (Serialized files now loaded: 0)
Unloading 56 unused Assets / (310.7 KB). Loaded Objects now: 3129.
Memory consumption went from 98.3 MB to 98.0 MB.
Total: 23.088200 ms (FindLiveObjects: 0.721300 ms CreateObjectMapping: 0.362000 ms MarkObjects: 21.836300 ms  DeleteObjects: 0.164800 ms)

AssetImportParameters requested are different than current active one (requested -> active):
  custom:video-decoder-ogg-theora: a1e56fd34408186e4bbccfd4996cb3dc -> 
  custom:container-muxer-webm: aa71ff27fc2769a1b78a27578f13a17b -> 
  custom:container-demuxer-webm: 4f35f7cbe854078d1ac9338744f61a02 -> 
  custom:video-encoder-webm-vp8: eb34c28f22e8b96e1ab97ce403110664 -> 
  custom:video-codec-MediaFoundation-h265: 746d11721c4dcdbdad8f713fa42b33f4 -> 
  custom:audio-encoder-webm-vorbis: bf7c407c2cedff20999df2af8eb42d56 -> 
  custom:framework-win-MediaFoundation: 216162199b28c13a410421893ffa2e32 -> 
  custom:container-demuxer-ogg: 62fdf1f143b41e24485cea50d1cbac27 -> 
  custom:video-decoder-webm-vp8: 9c59270c3fd7afecdb556c50c9e8de78 -> 
  custom:audio-decoder-ogg-vorbis: bf7c407c2cedff20999df2af8eb42d56 -> 
========================================================================
Received Prepare
Registering precompiled user dll's ...
Registered in 0.014788 seconds.
Begin MonoManager ReloadAssembly
Native extension for WindowsStandalone target not found
Native extension for WebGL target not found
Refreshing native plugins compatible for Editor in 1.46 ms, found 2 plugins.
Preloading 0 native plugins for Editor in 0.00 ms.
Mono: successfully reloaded assembly
- Completed reload, in  2.905 seconds
Domain Reload Profiling:
	ReloadAssembly (2907ms)
		BeginReloadAssembly (343ms)
			ExecutionOrderSort (0ms)
			DisableScriptedObjects (13ms)
			BackupInstance (0ms)
			ReleaseScriptingObjects (0ms)
			CreateAndSetChildDomain (76ms)
		EndReloadAssembly (2306ms)
			LoadAssemblies (253ms)
			RebuildTransferFunctionScriptingTraits (0ms)
			SetupTypeCache (522ms)
			ReleaseScriptCaches (2ms)
			RebuildScriptCaches (122ms)
			SetupLoadedEditorAssemblies (1294ms)
				LogAssemblyErrors (0ms)
				InitializePlatformSupportModulesInManaged (17ms)
				SetLoadedEditorAssemblies (1ms)
				RefreshPlugins (2ms)
				BeforeProcessingInitializeOnLoad (171ms)
				ProcessInitializeOnLoadAttributes (654ms)
				ProcessInitializeOnLoadMethodAttributes (420ms)
				AfterProcessingInitializeOnLoad (27ms)
				EditorAssembliesLoaded (1ms)
			ExecutionOrderSort2 (0ms)
			AwakeInstancesAfterBackupRestoration (19ms)
Platform modules already initialized, skipping
Refreshing native plugins compatible for Editor in 19.68 ms, found 2 plugins.
Preloading 0 native plugins for Editor in 0.00 ms.
Unloading 2476 Unused Serialized files (Serialized files now loaded: 0)
Unloading 56 unused Assets / (310.8 KB). Loaded Objects now: 3132.
Memory consumption went from 98.3 MB to 98.0 MB.
Total: 23.574100 ms (FindLiveObjects: 0.534200 ms CreateObjectMapping: 0.200000 ms MarkObjects: 22.663100 ms  DeleteObjects: 0.173500 ms)

AssetImportParameters requested are different than current active one (requested -> active):
  custom:video-decoder-ogg-theora: a1e56fd34408186e4bbccfd4996cb3dc -> 
  custom:container-muxer-webm: aa71ff27fc2769a1b78a27578f13a17b -> 
  custom:container-demuxer-webm: 4f35f7cbe854078d1ac9338744f61a02 -> 
  custom:video-encoder-webm-vp8: eb34c28f22e8b96e1ab97ce403110664 -> 
  custom:video-codec-MediaFoundation-h265: 746d11721c4dcdbdad8f713fa42b33f4 -> 
  custom:audio-encoder-webm-vorbis: bf7c407c2cedff20999df2af8eb42d56 -> 
  custom:framework-win-MediaFoundation: 216162199b28c13a410421893ffa2e32 -> 
  custom:container-demuxer-ogg: 62fdf1f143b41e24485cea50d1cbac27 -> 
  custom:video-decoder-webm-vp8: 9c59270c3fd7afecdb556c50c9e8de78 -> 
  custom:audio-decoder-ogg-vorbis: bf7c407c2cedff20999df2af8eb42d56 -> 
========================================================================
Received Prepare
Registering precompiled user dll's ...
Registered in 0.005266 seconds.
Begin MonoManager ReloadAssembly
Native extension for WindowsStandalone target not found
Native extension for WebGL target not found
Refreshing native plugins compatible for Editor in 1.18 ms, found 2 plugins.
Preloading 0 native plugins for Editor in 0.00 ms.
Mono: successfully reloaded assembly
- Completed reload, in  2.266 seconds
Domain Reload Profiling:
	ReloadAssembly (2268ms)
		BeginReloadAssembly (301ms)
			ExecutionOrderSort (0ms)
			DisableScriptedObjects (12ms)
			BackupInstance (0ms)
			ReleaseScriptingObjects (0ms)
			CreateAndSetChildDomain (61ms)
		EndReloadAssembly (1752ms)
			LoadAssemblies (206ms)
			RebuildTransferFunctionScriptingTraits (0ms)
			SetupTypeCache (434ms)
			ReleaseScriptCaches (2ms)
			RebuildScriptCaches (91ms)
			SetupLoadedEditorAssemblies (965ms)
				LogAssemblyErrors (0ms)
				InitializePlatformSupportModulesInManaged (15ms)
				SetLoadedEditorAssemblies (1ms)
				RefreshPlugins (1ms)
				BeforeProcessingInitializeOnLoad (151ms)
				ProcessInitializeOnLoadAttributes (449ms)
				ProcessInitializeOnLoadMethodAttributes (330ms)
				AfterProcessingInitializeOnLoad (17ms)
				EditorAssembliesLoaded (1ms)
			ExecutionOrderSort2 (0ms)
			AwakeInstancesAfterBackupRestoration (13ms)
Platform modules already initialized, skipping
Refreshing native plugins compatible for Editor in 8.34 ms, found 2 plugins.
Preloading 0 native plugins for Editor in 0.00 ms.
Unloading 2476 Unused Serialized files (Serialized files now loaded: 0)
Unloading 56 unused Assets / (310.7 KB). Loaded Objects now: 3135.
Memory consumption went from 98.3 MB to 98.0 MB.
Total: 12.492000 ms (FindLiveObjects: 0.372700 ms CreateObjectMapping: 0.131700 ms MarkObjects: 11.873500 ms  DeleteObjects: 0.111700 ms)

AssetImportParameters requested are different than current active one (requested -> active):
  custom:video-decoder-ogg-theora: a1e56fd34408186e4bbccfd4996cb3dc -> 
  custom:container-muxer-webm: aa71ff27fc2769a1b78a27578f13a17b -> 
  custom:container-demuxer-webm: 4f35f7cbe854078d1ac9338744f61a02 -> 
  custom:video-encoder-webm-vp8: eb34c28f22e8b96e1ab97ce403110664 -> 
  custom:video-codec-MediaFoundation-h265: 746d11721c4dcdbdad8f713fa42b33f4 -> 
  custom:audio-encoder-webm-vorbis: bf7c407c2cedff20999df2af8eb42d56 -> 
  custom:framework-win-MediaFoundation: 216162199b28c13a410421893ffa2e32 -> 
  custom:container-demuxer-ogg: 62fdf1f143b41e24485cea50d1cbac27 -> 
  custom:video-decoder-webm-vp8: 9c59270c3fd7afecdb556c50c9e8de78 -> 
  custom:audio-decoder-ogg-vorbis: bf7c407c2cedff20999df2af8eb42d56 -> 
========================================================================
Received Prepare
Registering precompiled user dll's ...
Registered in 0.007231 seconds.
Begin MonoManager ReloadAssembly
Native extension for WindowsStandalone target not found
Native extension for WebGL target not found
Refreshing native plugins compatible for Editor in 1.43 ms, found 2 plugins.
Preloading 0 native plugins for Editor in 0.00 ms.
Mono: successfully reloaded assembly
- Completed reload, in  2.274 seconds
Domain Reload Profiling:
	ReloadAssembly (2276ms)
		BeginReloadAssembly (219ms)
			ExecutionOrderSort (0ms)
			DisableScriptedObjects (11ms)
			BackupInstance (0ms)
			ReleaseScriptingObjects (0ms)
			CreateAndSetChildDomain (49ms)
		EndReloadAssembly (1861ms)
			LoadAssemblies (148ms)
			RebuildTransferFunctionScriptingTraits (0ms)
			SetupTypeCache (441ms)
			ReleaseScriptCaches (2ms)
			RebuildScriptCaches (95ms)
			SetupLoadedEditorAssemblies (1024ms)
				LogAssemblyErrors (0ms)
				InitializePlatformSupportModulesInManaged (17ms)
				SetLoadedEditorAssemblies (1ms)
				RefreshPlugins (2ms)
				BeforeProcessingInitializeOnLoad (169ms)
				ProcessInitializeOnLoadAttributes (492ms)
				ProcessInitializeOnLoadMethodAttributes (330ms)
				AfterProcessingInitializeOnLoad (13ms)
				EditorAssembliesLoaded (0ms)
			ExecutionOrderSort2 (0ms)
			AwakeInstancesAfterBackupRestoration (12ms)
Platform modules already initialized, skipping
Refreshing native plugins compatible for Editor in 8.12 ms, found 2 plugins.
Preloading 0 native plugins for Editor in 0.00 ms.
Unloading 2476 Unused Serialized files (Serialized files now loaded: 0)
Unloading 56 unused Assets / (310.8 KB). Loaded Objects now: 3138.
Memory consumption went from 98.4 MB to 98.0 MB.
Total: 12.831600 ms (FindLiveObjects: 0.362700 ms CreateObjectMapping: 0.139200 ms MarkObjects: 12.208600 ms  DeleteObjects: 0.119200 ms)

AssetImportParameters requested are different than current active one (requested -> active):
  custom:video-decoder-ogg-theora: a1e56fd34408186e4bbccfd4996cb3dc -> 
  custom:container-muxer-webm: aa71ff27fc2769a1b78a27578f13a17b -> 
  custom:container-demuxer-webm: 4f35f7cbe854078d1ac9338744f61a02 -> 
  custom:video-encoder-webm-vp8: eb34c28f22e8b96e1ab97ce403110664 -> 
  custom:video-codec-MediaFoundation-h265: 746d11721c4dcdbdad8f713fa42b33f4 -> 
  custom:audio-encoder-webm-vorbis: bf7c407c2cedff20999df2af8eb42d56 -> 
  custom:framework-win-MediaFoundation: 216162199b28c13a410421893ffa2e32 -> 
  custom:container-demuxer-ogg: 62fdf1f143b41e24485cea50d1cbac27 -> 
  custom:video-decoder-webm-vp8: 9c59270c3fd7afecdb556c50c9e8de78 -> 
  custom:audio-decoder-ogg-vorbis: bf7c407c2cedff20999df2af8eb42d56 -> 
========================================================================
Received Prepare
Registering precompiled user dll's ...
Registered in 0.005315 seconds.
Begin MonoManager ReloadAssembly
Native extension for WindowsStandalone target not found
Native extension for WebGL target not found
Refreshing native plugins compatible for Editor in 1.35 ms, found 2 plugins.
Preloading 0 native plugins for Editor in 0.00 ms.
Mono: successfully reloaded assembly
- Completed reload, in  2.289 seconds
Domain Reload Profiling:
	ReloadAssembly (2291ms)
		BeginReloadAssembly (309ms)
			ExecutionOrderSort (0ms)
			DisableScriptedObjects (11ms)
			BackupInstance (0ms)
			ReleaseScriptingObjects (0ms)
			CreateAndSetChildDomain (53ms)
		EndReloadAssembly (1772ms)
			LoadAssemblies (209ms)
			RebuildTransferFunctionScriptingTraits (0ms)
			SetupTypeCache (426ms)
			ReleaseScriptCaches (2ms)
			RebuildScriptCaches (101ms)
			SetupLoadedEditorAssemblies (992ms)
				LogAssemblyErrors (0ms)
				InitializePlatformSupportModulesInManaged (16ms)
				SetLoadedEditorAssemblies (1ms)
				RefreshPlugins (1ms)
				BeforeProcessingInitializeOnLoad (133ms)
				ProcessInitializeOnLoadAttributes (502ms)
				ProcessInitializeOnLoadMethodAttributes (324ms)
				AfterProcessingInitializeOnLoad (14ms)
				EditorAssembliesLoaded (1ms)
			ExecutionOrderSort2 (0ms)
			AwakeInstancesAfterBackupRestoration (12ms)
Platform modules already initialized, skipping
Refreshing native plugins compatible for Editor in 13.00 ms, found 2 plugins.
Preloading 0 native plugins for Editor in 0.00 ms.
Unloading 2476 Unused Serialized files (Serialized files now loaded: 0)
Unloading 56 unused Assets / (310.8 KB). Loaded Objects now: 3141.
Memory consumption went from 98.4 MB to 98.1 MB.
Total: 14.643700 ms (FindLiveObjects: 0.421900 ms CreateObjectMapping: 0.158100 ms MarkObjects: 13.805600 ms  DeleteObjects: 0.255000 ms)

AssetImportParameters requested are different than current active one (requested -> active):
  custom:video-decoder-ogg-theora: a1e56fd34408186e4bbccfd4996cb3dc -> 
  custom:container-muxer-webm: aa71ff27fc2769a1b78a27578f13a17b -> 
  custom:container-demuxer-webm: 4f35f7cbe854078d1ac9338744f61a02 -> 
  custom:video-encoder-webm-vp8: eb34c28f22e8b96e1ab97ce403110664 -> 
  custom:video-codec-MediaFoundation-h265: 746d11721c4dcdbdad8f713fa42b33f4 -> 
  custom:audio-encoder-webm-vorbis: bf7c407c2cedff20999df2af8eb42d56 -> 
  custom:framework-win-MediaFoundation: 216162199b28c13a410421893ffa2e32 -> 
  custom:container-demuxer-ogg: 62fdf1f143b41e24485cea50d1cbac27 -> 
  custom:video-decoder-webm-vp8: 9c59270c3fd7afecdb556c50c9e8de78 -> 
  custom:audio-decoder-ogg-vorbis: bf7c407c2cedff20999df2af8eb42d56 -> 
========================================================================
Received Prepare
Registering precompiled user dll's ...
Registered in 0.007203 seconds.
Begin MonoManager ReloadAssembly
Native extension for WindowsStandalone target not found
Native extension for WebGL target not found
Refreshing native plugins compatible for Editor in 1.49 ms, found 2 plugins.
Preloading 0 native plugins for Editor in 0.00 ms.
Mono: successfully reloaded assembly
- Completed reload, in  2.136 seconds
Domain Reload Profiling:
	ReloadAssembly (2138ms)
		BeginReloadAssembly (361ms)
			ExecutionOrderSort (0ms)
			DisableScriptedObjects (15ms)
			BackupInstance (0ms)
			ReleaseScriptingObjects (0ms)
			CreateAndSetChildDomain (71ms)
		EndReloadAssembly (1550ms)
			LoadAssemblies (235ms)
			RebuildTransferFunctionScriptingTraits (0ms)
			SetupTypeCache (333ms)
			ReleaseScriptCaches (2ms)
			RebuildScriptCaches (87ms)
			SetupLoadedEditorAssemblies (908ms)
				LogAssemblyErrors (0ms)
				InitializePlatformSupportModulesInManaged (17ms)
				SetLoadedEditorAssemblies (1ms)
				RefreshPlugins (2ms)
				BeforeProcessingInitializeOnLoad (145ms)
				ProcessInitializeOnLoadAttributes (438ms)
				ProcessInitializeOnLoadMethodAttributes (293ms)
				AfterProcessingInitializeOnLoad (11ms)
				EditorAssembliesLoaded (0ms)
			ExecutionOrderSort2 (0ms)
			AwakeInstancesAfterBackupRestoration (10ms)
Platform modules already initialized, skipping
Refreshing native plugins compatible for Editor in 11.02 ms, found 2 plugins.
Preloading 0 native plugins for Editor in 0.00 ms.
Unloading 2476 Unused Serialized files (Serialized files now loaded: 0)
Unloading 56 unused Assets / (310.9 KB). Loaded Objects now: 3144.
Memory consumption went from 98.4 MB to 98.1 MB.
Total: 19.154900 ms (FindLiveObjects: 0.480700 ms CreateObjectMapping: 0.173000 ms MarkObjects: 18.337000 ms  DeleteObjects: 0.160500 ms)

AssetImportParameters requested are different than current active one (requested -> active):
  custom:video-decoder-ogg-theora: a1e56fd34408186e4bbccfd4996cb3dc -> 
  custom:container-muxer-webm: aa71ff27fc2769a1b78a27578f13a17b -> 
  custom:container-demuxer-webm: 4f35f7cbe854078d1ac9338744f61a02 -> 
  custom:video-encoder-webm-vp8: eb34c28f22e8b96e1ab97ce403110664 -> 
  custom:video-codec-MediaFoundation-h265: 746d11721c4dcdbdad8f713fa42b33f4 -> 
  custom:audio-encoder-webm-vorbis: bf7c407c2cedff20999df2af8eb42d56 -> 
  custom:framework-win-MediaFoundation: 216162199b28c13a410421893ffa2e32 -> 
  custom:container-demuxer-ogg: 62fdf1f143b41e24485cea50d1cbac27 -> 
  custom:video-decoder-webm-vp8: 9c59270c3fd7afecdb556c50c9e8de78 -> 
  custom:audio-decoder-ogg-vorbis: bf7c407c2cedff20999df2af8eb42d56 -> 
========================================================================
Received Prepare
Registering precompiled user dll's ...
Registered in 0.006487 seconds.
Begin MonoManager ReloadAssembly
Native extension for WindowsStandalone target not found
Native extension for WebGL target not found
Refreshing native plugins compatible for Editor in 1.41 ms, found 2 plugins.
Preloading 0 native plugins for Editor in 0.00 ms.
Mono: successfully reloaded assembly
- Completed reload, in  2.135 seconds
Domain Reload Profiling:
	ReloadAssembly (2136ms)
		BeginReloadAssembly (236ms)
			ExecutionOrderSort (0ms)
			DisableScriptedObjects (11ms)
			BackupInstance (0ms)
			ReleaseScriptingObjects (0ms)
			CreateAndSetChildDomain (55ms)
		EndReloadAssembly (1691ms)
			LoadAssemblies (154ms)
			RebuildTransferFunctionScriptingTraits (0ms)
			SetupTypeCache (362ms)
			ReleaseScriptCaches (2ms)
			RebuildScriptCaches (62ms)
			SetupLoadedEditorAssemblies (1003ms)
				LogAssemblyErrors (0ms)
				InitializePlatformSupportModulesInManaged (17ms)
				SetLoadedEditorAssemblies (1ms)
				RefreshPlugins (2ms)
				BeforeProcessingInitializeOnLoad (142ms)
				ProcessInitializeOnLoadAttributes (461ms)
				ProcessInitializeOnLoadMethodAttributes (363ms)
				AfterProcessingInitializeOnLoad (17ms)
				EditorAssembliesLoaded (1ms)
			ExecutionOrderSort2 (0ms)
			AwakeInstancesAfterBackupRestoration (16ms)
Platform modules already initialized, skipping
Refreshing native plugins compatible for Editor in 10.72 ms, found 2 plugins.
Preloading 0 native plugins for Editor in 0.00 ms.
Unloading 2476 Unused Serialized files (Serialized files now loaded: 0)
Unloading 56 unused Assets / (310.9 KB). Loaded Objects now: 3147.
Memory consumption went from 98.4 MB to 98.1 MB.
Total: 18.097800 ms (FindLiveObjects: 0.483000 ms CreateObjectMapping: 0.189400 ms MarkObjects: 17.262100 ms  DeleteObjects: 0.160500 ms)

AssetImportParameters requested are different than current active one (requested -> active):
  custom:video-decoder-ogg-theora: a1e56fd34408186e4bbccfd4996cb3dc -> 
  custom:container-muxer-webm: aa71ff27fc2769a1b78a27578f13a17b -> 
  custom:container-demuxer-webm: 4f35f7cbe854078d1ac9338744f61a02 -> 
  custom:video-encoder-webm-vp8: eb34c28f22e8b96e1ab97ce403110664 -> 
  custom:video-codec-MediaFoundation-h265: 746d11721c4dcdbdad8f713fa42b33f4 -> 
  custom:audio-encoder-webm-vorbis: bf7c407c2cedff20999df2af8eb42d56 -> 
  custom:framework-win-MediaFoundation: 216162199b28c13a410421893ffa2e32 -> 
  custom:container-demuxer-ogg: 62fdf1f143b41e24485cea50d1cbac27 -> 
  custom:video-decoder-webm-vp8: 9c59270c3fd7afecdb556c50c9e8de78 -> 
  custom:audio-decoder-ogg-vorbis: bf7c407c2cedff20999df2af8eb42d56 -> 
========================================================================
Received Prepare
Registering precompiled user dll's ...
Registered in 0.007350 seconds.
Begin MonoManager ReloadAssembly
Native extension for WindowsStandalone target not found
Native extension for WebGL target not found
Refreshing native plugins compatible for Editor in 1.43 ms, found 2 plugins.
Preloading 0 native plugins for Editor in 0.00 ms.
Mono: successfully reloaded assembly
- Completed reload, in  2.376 seconds
Domain Reload Profiling:
	ReloadAssembly (2377ms)
		BeginReloadAssembly (293ms)
			ExecutionOrderSort (0ms)
			DisableScriptedObjects (16ms)
			BackupInstance (0ms)
			ReleaseScriptingObjects (0ms)
			CreateAndSetChildDomain (54ms)
		EndReloadAssembly (1805ms)
			LoadAssemblies (205ms)
			RebuildTransferFunctionScriptingTraits (0ms)
			SetupTypeCache (449ms)
			ReleaseScriptCaches (2ms)
			RebuildScriptCaches (83ms)
			SetupLoadedEditorAssemblies (1017ms)
				LogAssemblyErrors (0ms)
				InitializePlatformSupportModulesInManaged (18ms)
				SetLoadedEditorAssemblies (1ms)
				RefreshPlugins (2ms)
				BeforeProcessingInitializeOnLoad (140ms)
				ProcessInitializeOnLoadAttributes (525ms)
				ProcessInitializeOnLoadMethodAttributes (313ms)
				AfterProcessingInitializeOnLoad (18ms)
				EditorAssembliesLoaded (1ms)
			ExecutionOrderSort2 (0ms)
			AwakeInstancesAfterBackupRestoration (14ms)
Platform modules already initialized, skipping
Refreshing native plugins compatible for Editor in 11.47 ms, found 2 plugins.
Preloading 0 native plugins for Editor in 0.00 ms.
Unloading 2476 Unused Serialized files (Serialized files now loaded: 0)
Unloading 56 unused Assets / (310.8 KB). Loaded Objects now: 3150.
Memory consumption went from 98.4 MB to 98.1 MB.
Total: 20.369200 ms (FindLiveObjects: 0.465500 ms CreateObjectMapping: 0.168900 ms MarkObjects: 19.575300 ms  DeleteObjects: 0.156400 ms)

AssetImportParameters requested are different than current active one (requested -> active):
  custom:video-decoder-ogg-theora: a1e56fd34408186e4bbccfd4996cb3dc -> 
  custom:container-muxer-webm: aa71ff27fc2769a1b78a27578f13a17b -> 
  custom:container-demuxer-webm: 4f35f7cbe854078d1ac9338744f61a02 -> 
  custom:video-encoder-webm-vp8: eb34c28f22e8b96e1ab97ce403110664 -> 
  custom:video-codec-MediaFoundation-h265: 746d11721c4dcdbdad8f713fa42b33f4 -> 
  custom:audio-encoder-webm-vorbis: bf7c407c2cedff20999df2af8eb42d56 -> 
  custom:framework-win-MediaFoundation: 216162199b28c13a410421893ffa2e32 -> 
  custom:container-demuxer-ogg: 62fdf1f143b41e24485cea50d1cbac27 -> 
  custom:video-decoder-webm-vp8: 9c59270c3fd7afecdb556c50c9e8de78 -> 
  custom:audio-decoder-ogg-vorbis: bf7c407c2cedff20999df2af8eb42d56 -> 
========================================================================
Received Prepare
Registering precompiled user dll's ...
Registered in 0.009580 seconds.
Begin MonoManager ReloadAssembly
Native extension for WindowsStandalone target not found
Native extension for WebGL target not found
Refreshing native plugins compatible for Editor in 1.79 ms, found 2 plugins.
Preloading 0 native plugins for Editor in 0.00 ms.
Mono: successfully reloaded assembly
- Completed reload, in  1.870 seconds
Domain Reload Profiling:
	ReloadAssembly (1871ms)
		BeginReloadAssembly (270ms)
			ExecutionOrderSort (0ms)
			DisableScriptedObjects (9ms)
			BackupInstance (0ms)
			ReleaseScriptingObjects (0ms)
			CreateAndSetChildDomain (72ms)
		EndReloadAssembly (1406ms)
			LoadAssemblies (159ms)
			RebuildTransferFunctionScriptingTraits (0ms)
			SetupTypeCache (321ms)
			ReleaseScriptCaches (3ms)
			RebuildScriptCaches (81ms)
			SetupLoadedEditorAssemblies (766ms)
				LogAssemblyErrors (0ms)
				InitializePlatformSupportModulesInManaged (13ms)
				SetLoadedEditorAssemblies (1ms)
				RefreshPlugins (2ms)
				BeforeProcessingInitializeOnLoad (136ms)
				ProcessInitializeOnLoadAttributes (408ms)
				ProcessInitializeOnLoadMethodAttributes (196ms)
				AfterProcessingInitializeOnLoad (9ms)
				EditorAssembliesLoaded (0ms)
			ExecutionOrderSort2 (0ms)
			AwakeInstancesAfterBackupRestoration (10ms)
Platform modules already initialized, skipping
Refreshing native plugins compatible for Editor in 4.68 ms, found 2 plugins.
Preloading 0 native plugins for Editor in 0.00 ms.
Unloading 2476 Unused Serialized files (Serialized files now loaded: 0)
Unloading 56 unused Assets / (310.8 KB). Loaded Objects now: 3153.
Memory consumption went from 98.4 MB to 98.1 MB.
Total: 8.123600 ms (FindLiveObjects: 0.249900 ms CreateObjectMapping: 0.082100 ms MarkObjects: 7.711300 ms  DeleteObjects: 0.079300 ms)

AssetImportParameters requested are different than current active one (requested -> active):
  custom:video-decoder-ogg-theora: a1e56fd34408186e4bbccfd4996cb3dc -> 
  custom:container-muxer-webm: aa71ff27fc2769a1b78a27578f13a17b -> 
  custom:container-demuxer-webm: 4f35f7cbe854078d1ac9338744f61a02 -> 
  custom:video-encoder-webm-vp8: eb34c28f22e8b96e1ab97ce403110664 -> 
  custom:video-codec-MediaFoundation-h265: 746d11721c4dcdbdad8f713fa42b33f4 -> 
  custom:audio-encoder-webm-vorbis: bf7c407c2cedff20999df2af8eb42d56 -> 
  custom:framework-win-MediaFoundation: 216162199b28c13a410421893ffa2e32 -> 
  custom:container-demuxer-ogg: 62fdf1f143b41e24485cea50d1cbac27 -> 
  custom:video-decoder-webm-vp8: 9c59270c3fd7afecdb556c50c9e8de78 -> 
  custom:audio-decoder-ogg-vorbis: bf7c407c2cedff20999df2af8eb42d56 -> 
========================================================================
Received Prepare
Registering precompiled user dll's ...
Registered in 0.005132 seconds.
Begin MonoManager ReloadAssembly
Native extension for WindowsStandalone target not found
Native extension for WebGL target not found
Refreshing native plugins compatible for Editor in 1.26 ms, found 2 plugins.
Preloading 0 native plugins for Editor in 0.00 ms.
Mono: successfully reloaded assembly
- Completed reload, in  1.647 seconds
Domain Reload Profiling:
	ReloadAssembly (1649ms)
		BeginReloadAssembly (202ms)
			ExecutionOrderSort (0ms)
			DisableScriptedObjects (8ms)
			BackupInstance (0ms)
			ReleaseScriptingObjects (0ms)
			CreateAndSetChildDomain (46ms)
		EndReloadAssembly (1270ms)
			LoadAssemblies (134ms)
			RebuildTransferFunctionScriptingTraits (0ms)
			SetupTypeCache (302ms)
			ReleaseScriptCaches (2ms)
			RebuildScriptCaches (60ms)
			SetupLoadedEditorAssemblies (707ms)
				LogAssemblyErrors (0ms)
				InitializePlatformSupportModulesInManaged (13ms)
				SetLoadedEditorAssemblies (1ms)
				RefreshPlugins (1ms)
				BeforeProcessingInitializeOnLoad (89ms)
				ProcessInitializeOnLoadAttributes (373ms)
				ProcessInitializeOnLoadMethodAttributes (215ms)
				AfterProcessingInitializeOnLoad (13ms)
				EditorAssembliesLoaded (0ms)
			ExecutionOrderSort2 (0ms)
			AwakeInstancesAfterBackupRestoration (12ms)
Platform modules already initialized, skipping
Refreshing native plugins compatible for Editor in 7.92 ms, found 2 plugins.
Preloading 0 native plugins for Editor in 0.00 ms.
Unloading 2476 Unused Serialized files (Serialized files now loaded: 0)
Unloading 56 unused Assets / (310.8 KB). Loaded Objects now: 3156.
Memory consumption went from 98.4 MB to 98.1 MB.
Total: 12.286200 ms (FindLiveObjects: 0.407300 ms CreateObjectMapping: 0.247200 ms MarkObjects: 11.536700 ms  DeleteObjects: 0.092000 ms)

AssetImportParameters requested are different than current active one (requested -> active):
  custom:video-decoder-ogg-theora: a1e56fd34408186e4bbccfd4996cb3dc -> 
  custom:container-muxer-webm: aa71ff27fc2769a1b78a27578f13a17b -> 
  custom:container-demuxer-webm: 4f35f7cbe854078d1ac9338744f61a02 -> 
  custom:video-encoder-webm-vp8: eb34c28f22e8b96e1ab97ce403110664 -> 
  custom:video-codec-MediaFoundation-h265: 746d11721c4dcdbdad8f713fa42b33f4 -> 
  custom:audio-encoder-webm-vorbis: bf7c407c2cedff20999df2af8eb42d56 -> 
  custom:framework-win-MediaFoundation: 216162199b28c13a410421893ffa2e32 -> 
  custom:container-demuxer-ogg: 62fdf1f143b41e24485cea50d1cbac27 -> 
  custom:video-decoder-webm-vp8: 9c59270c3fd7afecdb556c50c9e8de78 -> 
  custom:audio-decoder-ogg-vorbis: bf7c407c2cedff20999df2af8eb42d56 -> 
========================================================================
Received Prepare
Registering precompiled user dll's ...
Registered in 0.008261 seconds.
Begin MonoManager ReloadAssembly
Native extension for WindowsStandalone target not found
Native extension for WebGL target not found
Refreshing native plugins compatible for Editor in 2.14 ms, found 2 plugins.
Preloading 0 native plugins for Editor in 0.00 ms.
Mono: successfully reloaded assembly
- Completed reload, in  1.736 seconds
Domain Reload Profiling:
	ReloadAssembly (1738ms)
		BeginReloadAssembly (206ms)
			ExecutionOrderSort (0ms)
			DisableScriptedObjects (11ms)
			BackupInstance (0ms)
			ReleaseScriptingObjects (0ms)
			CreateAndSetChildDomain (47ms)
		EndReloadAssembly (1376ms)
			LoadAssemblies (135ms)
			RebuildTransferFunctionScriptingTraits (0ms)
			SetupTypeCache (318ms)
			ReleaseScriptCaches (2ms)
			RebuildScriptCaches (66ms)
			SetupLoadedEditorAssemblies (782ms)
				LogAssemblyErrors (0ms)
				InitializePlatformSupportModulesInManaged (19ms)
				SetLoadedEditorAssemblies (2ms)
				RefreshPlugins (2ms)
				BeforeProcessingInitializeOnLoad (148ms)
				ProcessInitializeOnLoadAttributes (392ms)
				ProcessInitializeOnLoadMethodAttributes (208ms)
				AfterProcessingInitializeOnLoad (11ms)
				EditorAssembliesLoaded (0ms)
			ExecutionOrderSort2 (0ms)
			AwakeInstancesAfterBackupRestoration (9ms)
Platform modules already initialized, skipping
Refreshing native plugins compatible for Editor in 7.46 ms, found 2 plugins.
Preloading 0 native plugins for Editor in 0.00 ms.
Unloading 2476 Unused Serialized files (Serialized files now loaded: 0)
Unloading 56 unused Assets / (310.8 KB). Loaded Objects now: 3159.
Memory consumption went from 98.4 MB to 98.1 MB.
Total: 11.853800 ms (FindLiveObjects: 0.303700 ms CreateObjectMapping: 0.136800 ms MarkObjects: 11.317200 ms  DeleteObjects: 0.094400 ms)

AssetImportParameters requested are different than current active one (requested -> active):
  custom:video-decoder-ogg-theora: a1e56fd34408186e4bbccfd4996cb3dc -> 
  custom:container-muxer-webm: aa71ff27fc2769a1b78a27578f13a17b -> 
  custom:container-demuxer-webm: 4f35f7cbe854078d1ac9338744f61a02 -> 
  custom:video-encoder-webm-vp8: eb34c28f22e8b96e1ab97ce403110664 -> 
  custom:video-codec-MediaFoundation-h265: 746d11721c4dcdbdad8f713fa42b33f4 -> 
  custom:audio-encoder-webm-vorbis: bf7c407c2cedff20999df2af8eb42d56 -> 
  custom:framework-win-MediaFoundation: 216162199b28c13a410421893ffa2e32 -> 
  custom:container-demuxer-ogg: 62fdf1f143b41e24485cea50d1cbac27 -> 
  custom:video-decoder-webm-vp8: 9c59270c3fd7afecdb556c50c9e8de78 -> 
  custom:audio-decoder-ogg-vorbis: bf7c407c2cedff20999df2af8eb42d56 -> 
========================================================================
Received Prepare
Registering precompiled user dll's ...
Registered in 0.006083 seconds.
Begin MonoManager ReloadAssembly
Native extension for WindowsStandalone target not found
Native extension for WebGL target not found
Refreshing native plugins compatible for Editor in 1.82 ms, found 2 plugins.
Preloading 0 native plugins for Editor in 0.00 ms.
Mono: successfully reloaded assembly
- Completed reload, in  1.954 seconds
Domain Reload Profiling:
	ReloadAssembly (1956ms)
		BeginReloadAssembly (260ms)
			ExecutionOrderSort (0ms)
			DisableScriptedObjects (10ms)
			BackupInstance (0ms)
			ReleaseScriptingObjects (0ms)
			CreateAndSetChildDomain (54ms)
		EndReloadAssembly (1488ms)
			LoadAssemblies (156ms)
			RebuildTransferFunctionScriptingTraits (0ms)
			SetupTypeCache (338ms)
			ReleaseScriptCaches (2ms)
			RebuildScriptCaches (58ms)
			SetupLoadedEditorAssemblies (894ms)
				LogAssemblyErrors (0ms)
				InitializePlatformSupportModulesInManaged (16ms)
				SetLoadedEditorAssemblies (1ms)
				RefreshPlugins (2ms)
				BeforeProcessingInitializeOnLoad (152ms)
				ProcessInitializeOnLoadAttributes (432ms)
				ProcessInitializeOnLoadMethodAttributes (275ms)
				AfterProcessingInitializeOnLoad (15ms)
				EditorAssembliesLoaded (0ms)
			ExecutionOrderSort2 (0ms)
			AwakeInstancesAfterBackupRestoration (11ms)
Platform modules already initialized, skipping
Refreshing native plugins compatible for Editor in 7.36 ms, found 2 plugins.
Preloading 0 native plugins for Editor in 0.00 ms.
Unloading 2476 Unused Serialized files (Serialized files now loaded: 0)
Unloading 56 unused Assets / (311.1 KB). Loaded Objects now: 3162.
Memory consumption went from 98.4 MB to 98.1 MB.
Total: 10.345700 ms (FindLiveObjects: 0.360800 ms CreateObjectMapping: 0.108400 ms MarkObjects: 9.765700 ms  DeleteObjects: 0.108700 ms)

AssetImportParameters requested are different than current active one (requested -> active):
  custom:video-decoder-ogg-theora: a1e56fd34408186e4bbccfd4996cb3dc -> 
  custom:container-muxer-webm: aa71ff27fc2769a1b78a27578f13a17b -> 
  custom:container-demuxer-webm: 4f35f7cbe854078d1ac9338744f61a02 -> 
  custom:video-encoder-webm-vp8: eb34c28f22e8b96e1ab97ce403110664 -> 
  custom:video-codec-MediaFoundation-h265: 746d11721c4dcdbdad8f713fa42b33f4 -> 
  custom:audio-encoder-webm-vorbis: bf7c407c2cedff20999df2af8eb42d56 -> 
  custom:framework-win-MediaFoundation: 216162199b28c13a410421893ffa2e32 -> 
  custom:container-demuxer-ogg: 62fdf1f143b41e24485cea50d1cbac27 -> 
  custom:video-decoder-webm-vp8: 9c59270c3fd7afecdb556c50c9e8de78 -> 
  custom:audio-decoder-ogg-vorbis: bf7c407c2cedff20999df2af8eb42d56 -> 
========================================================================
Received Prepare
Registering precompiled user dll's ...
Registered in 0.011998 seconds.
Begin MonoManager ReloadAssembly
Native extension for WindowsStandalone target not found
Native extension for WebGL target not found
Refreshing native plugins compatible for Editor in 1.18 ms, found 2 plugins.
Preloading 0 native plugins for Editor in 0.00 ms.
Mono: successfully reloaded assembly
- Completed reload, in  2.291 seconds
Domain Reload Profiling:
	ReloadAssembly (2292ms)
		BeginReloadAssembly (343ms)
			ExecutionOrderSort (0ms)
			DisableScriptedObjects (13ms)
			BackupInstance (0ms)
			ReleaseScriptingObjects (0ms)
			CreateAndSetChildDomain (64ms)
		EndReloadAssembly (1645ms)
			LoadAssemblies (244ms)
			RebuildTransferFunctionScriptingTraits (0ms)
			SetupTypeCache (460ms)
			ReleaseScriptCaches (2ms)
			RebuildScriptCaches (89ms)
			SetupLoadedEditorAssemblies (844ms)
				LogAssemblyErrors (0ms)
				InitializePlatformSupportModulesInManaged (12ms)
				SetLoadedEditorAssemblies (1ms)
				RefreshPlugins (1ms)
				BeforeProcessingInitializeOnLoad (113ms)
				ProcessInitializeOnLoadAttributes (444ms)
				ProcessInitializeOnLoadMethodAttributes (256ms)
				AfterProcessingInitializeOnLoad (16ms)
				EditorAssembliesLoaded (1ms)
			ExecutionOrderSort2 (0ms)
			AwakeInstancesAfterBackupRestoration (13ms)
Platform modules already initialized, skipping
Refreshing native plugins compatible for Editor in 8.33 ms, found 2 plugins.
Preloading 0 native plugins for Editor in 0.00 ms.
Unloading 2476 Unused Serialized files (Serialized files now loaded: 0)
Unloading 56 unused Assets / (310.7 KB). Loaded Objects now: 3165.
Memory consumption went from 98.4 MB to 98.1 MB.
Total: 14.802300 ms (FindLiveObjects: 0.416300 ms CreateObjectMapping: 0.150400 ms MarkObjects: 14.089900 ms  DeleteObjects: 0.143300 ms)

AssetImportParameters requested are different than current active one (requested -> active):
  custom:video-decoder-ogg-theora: a1e56fd34408186e4bbccfd4996cb3dc -> 
  custom:container-muxer-webm: aa71ff27fc2769a1b78a27578f13a17b -> 
  custom:container-demuxer-webm: 4f35f7cbe854078d1ac9338744f61a02 -> 
  custom:video-encoder-webm-vp8: eb34c28f22e8b96e1ab97ce403110664 -> 
  custom:video-codec-MediaFoundation-h265: 746d11721c4dcdbdad8f713fa42b33f4 -> 
  custom:audio-encoder-webm-vorbis: bf7c407c2cedff20999df2af8eb42d56 -> 
  custom:framework-win-MediaFoundation: 216162199b28c13a410421893ffa2e32 -> 
  custom:container-demuxer-ogg: 62fdf1f143b41e24485cea50d1cbac27 -> 
  custom:video-decoder-webm-vp8: 9c59270c3fd7afecdb556c50c9e8de78 -> 
  custom:audio-decoder-ogg-vorbis: bf7c407c2cedff20999df2af8eb42d56 -> 
========================================================================
Received Prepare
Registering precompiled user dll's ...
Registered in 0.004637 seconds.
Begin MonoManager ReloadAssembly
Native extension for WindowsStandalone target not found
Native extension for WebGL target not found
Refreshing native plugins compatible for Editor in 1.19 ms, found 2 plugins.
Preloading 0 native plugins for Editor in 0.00 ms.
Mono: successfully reloaded assembly
- Completed reload, in  1.763 seconds
Domain Reload Profiling:
	ReloadAssembly (1765ms)
		BeginReloadAssembly (265ms)
			ExecutionOrderSort (0ms)
			DisableScriptedObjects (12ms)
			BackupInstance (0ms)
			ReleaseScriptingObjects (0ms)
			CreateAndSetChildDomain (66ms)
		EndReloadAssembly (1359ms)
			LoadAssemblies (146ms)
			RebuildTransferFunctionScriptingTraits (0ms)
			SetupTypeCache (325ms)
			ReleaseScriptCaches (1ms)
			RebuildScriptCaches (59ms)
			SetupLoadedEditorAssemblies (777ms)
				LogAssemblyErrors (0ms)
				InitializePlatformSupportModulesInManaged (12ms)
				SetLoadedEditorAssemblies (1ms)
				RefreshPlugins (1ms)
				BeforeProcessingInitializeOnLoad (109ms)
				ProcessInitializeOnLoadAttributes (387ms)
				ProcessInitializeOnLoadMethodAttributes (253ms)
				AfterProcessingInitializeOnLoad (13ms)
				EditorAssembliesLoaded (0ms)
			ExecutionOrderSort2 (0ms)
			AwakeInstancesAfterBackupRestoration (12ms)
Platform modules already initialized, skipping
Refreshing native plugins compatible for Editor in 11.38 ms, found 2 plugins.
Preloading 0 native plugins for Editor in 0.00 ms.
Unloading 2476 Unused Serialized files (Serialized files now loaded: 0)
Unloading 56 unused Assets / (310.8 KB). Loaded Objects now: 3168.
Memory consumption went from 98.4 MB to 98.1 MB.
Total: 13.699800 ms (FindLiveObjects: 0.394300 ms CreateObjectMapping: 0.294900 ms MarkObjects: 12.893000 ms  DeleteObjects: 0.115200 ms)

AssetImportParameters requested are different than current active one (requested -> active):
  custom:video-decoder-ogg-theora: a1e56fd34408186e4bbccfd4996cb3dc -> 
  custom:container-muxer-webm: aa71ff27fc2769a1b78a27578f13a17b -> 
  custom:container-demuxer-webm: 4f35f7cbe854078d1ac9338744f61a02 -> 
  custom:video-encoder-webm-vp8: eb34c28f22e8b96e1ab97ce403110664 -> 
  custom:video-codec-MediaFoundation-h265: 746d11721c4dcdbdad8f713fa42b33f4 -> 
  custom:audio-encoder-webm-vorbis: bf7c407c2cedff20999df2af8eb42d56 -> 
  custom:framework-win-MediaFoundation: 216162199b28c13a410421893ffa2e32 -> 
  custom:container-demuxer-ogg: 62fdf1f143b41e24485cea50d1cbac27 -> 
  custom:video-decoder-webm-vp8: 9c59270c3fd7afecdb556c50c9e8de78 -> 
  custom:audio-decoder-ogg-vorbis: bf7c407c2cedff20999df2af8eb42d56 -> 
========================================================================
Received Prepare
Registering precompiled user dll's ...
Registered in 0.005834 seconds.
Begin MonoManager ReloadAssembly
Native extension for WindowsStandalone target not found
Native extension for WebGL target not found
Refreshing native plugins compatible for Editor in 1.25 ms, found 2 plugins.
Preloading 0 native plugins for Editor in 0.00 ms.
Mono: successfully reloaded assembly
- Completed reload, in  1.910 seconds
Domain Reload Profiling:
	ReloadAssembly (1911ms)
		BeginReloadAssembly (206ms)
			ExecutionOrderSort (0ms)
			DisableScriptedObjects (9ms)
			BackupInstance (0ms)
			ReleaseScriptingObjects (0ms)
			CreateAndSetChildDomain (48ms)
		EndReloadAssembly (1513ms)
			LoadAssemblies (135ms)
			RebuildTransferFunctionScriptingTraits (0ms)
			SetupTypeCache (376ms)
			ReleaseScriptCaches (2ms)
			RebuildScriptCaches (64ms)
			SetupLoadedEditorAssemblies (856ms)
				LogAssemblyErrors (0ms)
				InitializePlatformSupportModulesInManaged (13ms)
				SetLoadedEditorAssemblies (1ms)
				RefreshPlugins (1ms)
				BeforeProcessingInitializeOnLoad (116ms)
				ProcessInitializeOnLoadAttributes (423ms)
				ProcessInitializeOnLoadMethodAttributes (281ms)
				AfterProcessingInitializeOnLoad (21ms)
				EditorAssembliesLoaded (1ms)
			ExecutionOrderSort2 (0ms)
			AwakeInstancesAfterBackupRestoration (15ms)
Platform modules already initialized, skipping
Refreshing native plugins compatible for Editor in 9.27 ms, found 2 plugins.
Preloading 0 native plugins for Editor in 0.00 ms.
Unloading 2476 Unused Serialized files (Serialized files now loaded: 0)
Unloading 56 unused Assets / (310.8 KB). Loaded Objects now: 3171.
Memory consumption went from 98.4 MB to 98.1 MB.
Total: 13.686800 ms (FindLiveObjects: 0.357600 ms CreateObjectMapping: 0.120100 ms MarkObjects: 13.118500 ms  DeleteObjects: 0.088600 ms)

AssetImportParameters requested are different than current active one (requested -> active):
  custom:video-decoder-ogg-theora: a1e56fd34408186e4bbccfd4996cb3dc -> 
  custom:container-muxer-webm: aa71ff27fc2769a1b78a27578f13a17b -> 
  custom:container-demuxer-webm: 4f35f7cbe854078d1ac9338744f61a02 -> 
  custom:video-encoder-webm-vp8: eb34c28f22e8b96e1ab97ce403110664 -> 
  custom:video-codec-MediaFoundation-h265: 746d11721c4dcdbdad8f713fa42b33f4 -> 
  custom:audio-encoder-webm-vorbis: bf7c407c2cedff20999df2af8eb42d56 -> 
  custom:framework-win-MediaFoundation: 216162199b28c13a410421893ffa2e32 -> 
  custom:container-demuxer-ogg: 62fdf1f143b41e24485cea50d1cbac27 -> 
  custom:video-decoder-webm-vp8: 9c59270c3fd7afecdb556c50c9e8de78 -> 
  custom:audio-decoder-ogg-vorbis: bf7c407c2cedff20999df2af8eb42d56 -> 
========================================================================
Received Prepare
Registering precompiled user dll's ...
Registered in 0.007633 seconds.
Begin MonoManager ReloadAssembly
Native extension for WindowsStandalone target not found
Native extension for WebGL target not found
Refreshing native plugins compatible for Editor in 1.18 ms, found 2 plugins.
Preloading 0 native plugins for Editor in 0.00 ms.
Mono: successfully reloaded assembly
- Completed reload, in  2.002 seconds
Domain Reload Profiling:
	ReloadAssembly (2003ms)
		BeginReloadAssembly (247ms)
			ExecutionOrderSort (0ms)
			DisableScriptedObjects (10ms)
			BackupInstance (0ms)
			ReleaseScriptingObjects (0ms)
			CreateAndSetChildDomain (64ms)
		EndReloadAssembly (1596ms)
			LoadAssemblies (144ms)
			RebuildTransferFunctionScriptingTraits (0ms)
			SetupTypeCache (353ms)
			ReleaseScriptCaches (2ms)
			RebuildScriptCaches (75ms)
			SetupLoadedEditorAssemblies (947ms)
				LogAssemblyErrors (0ms)
				InitializePlatformSupportModulesInManaged (13ms)
				SetLoadedEditorAssemblies (1ms)
				RefreshPlugins (1ms)
				BeforeProcessingInitializeOnLoad (107ms)
				ProcessInitializeOnLoadAttributes (488ms)
				ProcessInitializeOnLoadMethodAttributes (321ms)
				AfterProcessingInitializeOnLoad (15ms)
				EditorAssembliesLoaded (0ms)
			ExecutionOrderSort2 (0ms)
			AwakeInstancesAfterBackupRestoration (13ms)
Platform modules already initialized, skipping
Refreshing native plugins compatible for Editor in 7.71 ms, found 2 plugins.
Preloading 0 native plugins for Editor in 0.00 ms.
Unloading 2476 Unused Serialized files (Serialized files now loaded: 0)
Unloading 56 unused Assets / (310.9 KB). Loaded Objects now: 3174.
Memory consumption went from 98.5 MB to 98.1 MB.
Total: 12.096000 ms (FindLiveObjects: 0.386800 ms CreateObjectMapping: 0.135200 ms MarkObjects: 11.457300 ms  DeleteObjects: 0.114200 ms)

AssetImportParameters requested are different than current active one (requested -> active):
  custom:video-decoder-ogg-theora: a1e56fd34408186e4bbccfd4996cb3dc -> 
  custom:container-muxer-webm: aa71ff27fc2769a1b78a27578f13a17b -> 
  custom:container-demuxer-webm: 4f35f7cbe854078d1ac9338744f61a02 -> 
  custom:video-encoder-webm-vp8: eb34c28f22e8b96e1ab97ce403110664 -> 
  custom:video-codec-MediaFoundation-h265: 746d11721c4dcdbdad8f713fa42b33f4 -> 
  custom:audio-encoder-webm-vorbis: bf7c407c2cedff20999df2af8eb42d56 -> 
  custom:framework-win-MediaFoundation: 216162199b28c13a410421893ffa2e32 -> 
  custom:container-demuxer-ogg: 62fdf1f143b41e24485cea50d1cbac27 -> 
  custom:video-decoder-webm-vp8: 9c59270c3fd7afecdb556c50c9e8de78 -> 
  custom:audio-decoder-ogg-vorbis: bf7c407c2cedff20999df2af8eb42d56 -> 
========================================================================
Received Prepare
Registering precompiled user dll's ...
Registered in 0.008029 seconds.
Begin MonoManager ReloadAssembly
Native extension for WindowsStandalone target not found
Native extension for WebGL target not found
Refreshing native plugins compatible for Editor in 0.77 ms, found 2 plugins.
Preloading 0 native plugins for Editor in 0.00 ms.
Mono: successfully reloaded assembly
- Completed reload, in  1.619 seconds
Domain Reload Profiling:
	ReloadAssembly (1620ms)
		BeginReloadAssembly (255ms)
			ExecutionOrderSort (0ms)
			DisableScriptedObjects (12ms)
			BackupInstance (0ms)
			ReleaseScriptingObjects (0ms)
			CreateAndSetChildDomain (49ms)
		EndReloadAssembly (1191ms)
			LoadAssemblies (160ms)
			RebuildTransferFunctionScriptingTraits (0ms)
			SetupTypeCache (325ms)
			ReleaseScriptCaches (2ms)
			RebuildScriptCaches (78ms)
			SetupLoadedEditorAssemblies (613ms)
				LogAssemblyErrors (0ms)
				InitializePlatformSupportModulesInManaged (11ms)
				SetLoadedEditorAssemblies (1ms)
				RefreshPlugins (1ms)
				BeforeProcessingInitializeOnLoad (86ms)
				ProcessInitializeOnLoadAttributes (332ms)
				ProcessInitializeOnLoadMethodAttributes (172ms)
				AfterProcessingInitializeOnLoad (11ms)
				EditorAssembliesLoaded (0ms)
			ExecutionOrderSort2 (0ms)
			AwakeInstancesAfterBackupRestoration (8ms)
Platform modules already initialized, skipping
Refreshing native plugins compatible for Editor in 4.89 ms, found 2 plugins.
Preloading 0 native plugins for Editor in 0.00 ms.
Unloading 2476 Unused Serialized files (Serialized files now loaded: 0)
Unloading 56 unused Assets / (311.0 KB). Loaded Objects now: 3177.
Memory consumption went from 98.5 MB to 98.2 MB.
Total: 7.460500 ms (FindLiveObjects: 0.268100 ms CreateObjectMapping: 0.122900 ms MarkObjects: 6.981000 ms  DeleteObjects: 0.087100 ms)

AssetImportParameters requested are different than current active one (requested -> active):
  custom:video-decoder-ogg-theora: a1e56fd34408186e4bbccfd4996cb3dc -> 
  custom:container-muxer-webm: aa71ff27fc2769a1b78a27578f13a17b -> 
  custom:container-demuxer-webm: 4f35f7cbe854078d1ac9338744f61a02 -> 
  custom:video-encoder-webm-vp8: eb34c28f22e8b96e1ab97ce403110664 -> 
  custom:video-codec-MediaFoundation-h265: 746d11721c4dcdbdad8f713fa42b33f4 -> 
  custom:audio-encoder-webm-vorbis: bf7c407c2cedff20999df2af8eb42d56 -> 
  custom:framework-win-MediaFoundation: 216162199b28c13a410421893ffa2e32 -> 
  custom:container-demuxer-ogg: 62fdf1f143b41e24485cea50d1cbac27 -> 
  custom:video-decoder-webm-vp8: 9c59270c3fd7afecdb556c50c9e8de78 -> 
  custom:audio-decoder-ogg-vorbis: bf7c407c2cedff20999df2af8eb42d56 -> 
========================================================================
Received Prepare
Registering precompiled user dll's ...
Registered in 0.005754 seconds.
Begin MonoManager ReloadAssembly
Native extension for WindowsStandalone target not found
Native extension for WebGL target not found
Refreshing native plugins compatible for Editor in 1.00 ms, found 2 plugins.
Preloading 0 native plugins for Editor in 0.00 ms.
Mono: successfully reloaded assembly
- Completed reload, in  1.656 seconds
Domain Reload Profiling:
	ReloadAssembly (1658ms)
		BeginReloadAssembly (204ms)
			ExecutionOrderSort (0ms)
			DisableScriptedObjects (9ms)
			BackupInstance (0ms)
			ReleaseScriptingObjects (0ms)
			CreateAndSetChildDomain (43ms)
		EndReloadAssembly (1304ms)
			LoadAssemblies (132ms)
			RebuildTransferFunctionScriptingTraits (0ms)
			SetupTypeCache (278ms)
			ReleaseScriptCaches (2ms)
			RebuildScriptCaches (75ms)
			SetupLoadedEditorAssemblies (751ms)
				LogAssemblyErrors (0ms)
				InitializePlatformSupportModulesInManaged (9ms)
				SetLoadedEditorAssemblies (1ms)
				RefreshPlugins (1ms)
				BeforeProcessingInitializeOnLoad (89ms)
				ProcessInitializeOnLoadAttributes (398ms)
				ProcessInitializeOnLoadMethodAttributes (238ms)
				AfterProcessingInitializeOnLoad (14ms)
				EditorAssembliesLoaded (0ms)
			ExecutionOrderSort2 (0ms)
			AwakeInstancesAfterBackupRestoration (16ms)
Platform modules already initialized, skipping
Refreshing native plugins compatible for Editor in 6.54 ms, found 2 plugins.
Preloading 0 native plugins for Editor in 0.00 ms.
Unloading 2476 Unused Serialized files (Serialized files now loaded: 0)
Unloading 56 unused Assets / (311.0 KB). Loaded Objects now: 3180.
Memory consumption went from 98.5 MB to 98.2 MB.
Total: 9.929900 ms (FindLiveObjects: 0.334300 ms CreateObjectMapping: 0.115100 ms MarkObjects: 9.378700 ms  DeleteObjects: 0.099600 ms)

AssetImportParameters requested are different than current active one (requested -> active):
  custom:video-decoder-ogg-theora: a1e56fd34408186e4bbccfd4996cb3dc -> 
  custom:container-muxer-webm: aa71ff27fc2769a1b78a27578f13a17b -> 
  custom:container-demuxer-webm: 4f35f7cbe854078d1ac9338744f61a02 -> 
  custom:video-encoder-webm-vp8: eb34c28f22e8b96e1ab97ce403110664 -> 
  custom:video-codec-MediaFoundation-h265: 746d11721c4dcdbdad8f713fa42b33f4 -> 
  custom:audio-encoder-webm-vorbis: bf7c407c2cedff20999df2af8eb42d56 -> 
  custom:framework-win-MediaFoundation: 216162199b28c13a410421893ffa2e32 -> 
  custom:container-demuxer-ogg: 62fdf1f143b41e24485cea50d1cbac27 -> 
  custom:video-decoder-webm-vp8: 9c59270c3fd7afecdb556c50c9e8de78 -> 
  custom:audio-decoder-ogg-vorbis: bf7c407c2cedff20999df2af8eb42d56 -> 
========================================================================
Received Prepare
Registering precompiled user dll's ...
Registered in 0.005590 seconds.
Begin MonoManager ReloadAssembly
Native extension for WindowsStandalone target not found
Native extension for WebGL target not found
Refreshing native plugins compatible for Editor in 1.08 ms, found 2 plugins.
Preloading 0 native plugins for Editor in 0.00 ms.
Mono: successfully reloaded assembly
- Completed reload, in  1.701 seconds
Domain Reload Profiling:
	ReloadAssembly (1703ms)
		BeginReloadAssembly (201ms)
			ExecutionOrderSort (0ms)
			DisableScriptedObjects (8ms)
			BackupInstance (0ms)
			ReleaseScriptingObjects (0ms)
			CreateAndSetChildDomain (41ms)
		EndReloadAssembly (1355ms)
			LoadAssemblies (132ms)
			RebuildTransferFunctionScriptingTraits (0ms)
			SetupTypeCache (328ms)
			ReleaseScriptCaches (2ms)
			RebuildScriptCaches (67ms)
			SetupLoadedEditorAssemblies (751ms)
				LogAssemblyErrors (0ms)
				InitializePlatformSupportModulesInManaged (12ms)
				SetLoadedEditorAssemblies (1ms)
				RefreshPlugins (1ms)
				BeforeProcessingInitializeOnLoad (114ms)
				ProcessInitializeOnLoadAttributes (382ms)
				ProcessInitializeOnLoadMethodAttributes (228ms)
				AfterProcessingInitializeOnLoad (13ms)
				EditorAssembliesLoaded (0ms)
			ExecutionOrderSort2 (0ms)
			AwakeInstancesAfterBackupRestoration (11ms)
Platform modules already initialized, skipping
Refreshing native plugins compatible for Editor in 7.18 ms, found 2 plugins.
Preloading 0 native plugins for Editor in 0.00 ms.
Unloading 2476 Unused Serialized files (Serialized files now loaded: 0)
Unloading 56 unused Assets / (310.7 KB). Loaded Objects now: 3183.
Memory consumption went from 98.5 MB to 98.2 MB.
Total: 14.553400 ms (FindLiveObjects: 0.349800 ms CreateObjectMapping: 0.118200 ms MarkObjects: 13.953900 ms  DeleteObjects: 0.129800 ms)

AssetImportParameters requested are different than current active one (requested -> active):
  custom:video-decoder-ogg-theora: a1e56fd34408186e4bbccfd4996cb3dc -> 
  custom:container-muxer-webm: aa71ff27fc2769a1b78a27578f13a17b -> 
  custom:container-demuxer-webm: 4f35f7cbe854078d1ac9338744f61a02 -> 
  custom:video-encoder-webm-vp8: eb34c28f22e8b96e1ab97ce403110664 -> 
  custom:video-codec-MediaFoundation-h265: 746d11721c4dcdbdad8f713fa42b33f4 -> 
  custom:audio-encoder-webm-vorbis: bf7c407c2cedff20999df2af8eb42d56 -> 
  custom:framework-win-MediaFoundation: 216162199b28c13a410421893ffa2e32 -> 
  custom:container-demuxer-ogg: 62fdf1f143b41e24485cea50d1cbac27 -> 
  custom:video-decoder-webm-vp8: 9c59270c3fd7afecdb556c50c9e8de78 -> 
  custom:audio-decoder-ogg-vorbis: bf7c407c2cedff20999df2af8eb42d56 -> 
========================================================================
Received Prepare
Registering precompiled user dll's ...
Registered in 0.005957 seconds.
Begin MonoManager ReloadAssembly
Native extension for WindowsStandalone target not found
Native extension for WebGL target not found
Refreshing native plugins compatible for Editor in 1.11 ms, found 2 plugins.
Preloading 0 native plugins for Editor in 0.00 ms.
Mono: successfully reloaded assembly
- Completed reload, in  1.942 seconds
Domain Reload Profiling:
	ReloadAssembly (1944ms)
		BeginReloadAssembly (250ms)
			ExecutionOrderSort (0ms)
			DisableScriptedObjects (10ms)
			BackupInstance (0ms)
			ReleaseScriptingObjects (0ms)
			CreateAndSetChildDomain (46ms)
		EndReloadAssembly (1516ms)
			LoadAssemblies (178ms)
			RebuildTransferFunctionScriptingTraits (0ms)
			SetupTypeCache (397ms)
			ReleaseScriptCaches (2ms)
			RebuildScriptCaches (72ms)
			SetupLoadedEditorAssemblies (817ms)
				LogAssemblyErrors (0ms)
				InitializePlatformSupportModulesInManaged (11ms)
				SetLoadedEditorAssemblies (1ms)
				RefreshPlugins (1ms)
				BeforeProcessingInitializeOnLoad (119ms)
				ProcessInitializeOnLoadAttributes (388ms)
				ProcessInitializeOnLoadMethodAttributes (280ms)
				AfterProcessingInitializeOnLoad (17ms)
				EditorAssembliesLoaded (1ms)
			ExecutionOrderSort2 (0ms)
			AwakeInstancesAfterBackupRestoration (13ms)
Platform modules already initialized, skipping
Refreshing native plugins compatible for Editor in 6.17 ms, found 2 plugins.
Preloading 0 native plugins for Editor in 0.00 ms.
Unloading 2476 Unused Serialized files (Serialized files now loaded: 0)
Unloading 56 unused Assets / (310.9 KB). Loaded Objects now: 3186.
Memory consumption went from 98.5 MB to 98.2 MB.
Total: 13.320000 ms (FindLiveObjects: 0.350700 ms CreateObjectMapping: 0.159400 ms MarkObjects: 12.704900 ms  DeleteObjects: 0.102800 ms)

AssetImportParameters requested are different than current active one (requested -> active):
  custom:video-decoder-ogg-theora: a1e56fd34408186e4bbccfd4996cb3dc -> 
  custom:container-muxer-webm: aa71ff27fc2769a1b78a27578f13a17b -> 
  custom:container-demuxer-webm: 4f35f7cbe854078d1ac9338744f61a02 -> 
  custom:video-encoder-webm-vp8: eb34c28f22e8b96e1ab97ce403110664 -> 
  custom:video-codec-MediaFoundation-h265: 746d11721c4dcdbdad8f713fa42b33f4 -> 
  custom:audio-encoder-webm-vorbis: bf7c407c2cedff20999df2af8eb42d56 -> 
  custom:framework-win-MediaFoundation: 216162199b28c13a410421893ffa2e32 -> 
  custom:container-demuxer-ogg: 62fdf1f143b41e24485cea50d1cbac27 -> 
  custom:video-decoder-webm-vp8: 9c59270c3fd7afecdb556c50c9e8de78 -> 
  custom:audio-decoder-ogg-vorbis: bf7c407c2cedff20999df2af8eb42d56 -> 
========================================================================
Received Prepare
Registering precompiled user dll's ...
Registered in 0.005038 seconds.
Begin MonoManager ReloadAssembly
Native extension for WindowsStandalone target not found
Native extension for WebGL target not found
Refreshing native plugins compatible for Editor in 1.12 ms, found 2 plugins.
Preloading 0 native plugins for Editor in 0.00 ms.
Mono: successfully reloaded assembly
- Completed reload, in  1.809 seconds
Domain Reload Profiling:
	ReloadAssembly (1810ms)
		BeginReloadAssembly (219ms)
			ExecutionOrderSort (0ms)
			DisableScriptedObjects (11ms)
			BackupInstance (0ms)
			ReleaseScriptingObjects (0ms)
			CreateAndSetChildDomain (46ms)
		EndReloadAssembly (1415ms)
			LoadAssemblies (138ms)
			RebuildTransferFunctionScriptingTraits (0ms)
			SetupTypeCache (288ms)
			ReleaseScriptCaches (2ms)
			RebuildScriptCaches (75ms)
			SetupLoadedEditorAssemblies (837ms)
				LogAssemblyErrors (0ms)
				InitializePlatformSupportModulesInManaged (13ms)
				SetLoadedEditorAssemblies (1ms)
				RefreshPlugins (1ms)
				BeforeProcessingInitializeOnLoad (124ms)
				ProcessInitializeOnLoadAttributes (414ms)
				ProcessInitializeOnLoadMethodAttributes (270ms)
				AfterProcessingInitializeOnLoad (13ms)
				EditorAssembliesLoaded (0ms)
			ExecutionOrderSort2 (0ms)
			AwakeInstancesAfterBackupRestoration (11ms)
Platform modules already initialized, skipping
Refreshing native plugins compatible for Editor in 7.48 ms, found 2 plugins.
Preloading 0 native plugins for Editor in 0.00 ms.
Unloading 2476 Unused Serialized files (Serialized files now loaded: 0)
Unloading 56 unused Assets / (311.0 KB). Loaded Objects now: 3189.
Memory consumption went from 98.5 MB to 98.2 MB.
Total: 11.145100 ms (FindLiveObjects: 0.333500 ms CreateObjectMapping: 0.123100 ms MarkObjects: 10.581300 ms  DeleteObjects: 0.105200 ms)

AssetImportParameters requested are different than current active one (requested -> active):
  custom:video-decoder-ogg-theora: a1e56fd34408186e4bbccfd4996cb3dc -> 
  custom:container-muxer-webm: aa71ff27fc2769a1b78a27578f13a17b -> 
  custom:container-demuxer-webm: 4f35f7cbe854078d1ac9338744f61a02 -> 
  custom:video-encoder-webm-vp8: eb34c28f22e8b96e1ab97ce403110664 -> 
  custom:video-codec-MediaFoundation-h265: 746d11721c4dcdbdad8f713fa42b33f4 -> 
  custom:audio-encoder-webm-vorbis: bf7c407c2cedff20999df2af8eb42d56 -> 
  custom:framework-win-MediaFoundation: 216162199b28c13a410421893ffa2e32 -> 
  custom:container-demuxer-ogg: 62fdf1f143b41e24485cea50d1cbac27 -> 
  custom:video-decoder-webm-vp8: 9c59270c3fd7afecdb556c50c9e8de78 -> 
  custom:audio-decoder-ogg-vorbis: bf7c407c2cedff20999df2af8eb42d56 -> 
========================================================================
Received Prepare
Registering precompiled user dll's ...
Registered in 0.009224 seconds.
Begin MonoManager ReloadAssembly
Native extension for WindowsStandalone target not found
Native extension for WebGL target not found
Refreshing native plugins compatible for Editor in 0.98 ms, found 2 plugins.
Preloading 0 native plugins for Editor in 0.00 ms.
Mono: successfully reloaded assembly
- Completed reload, in  2.117 seconds
Domain Reload Profiling:
	ReloadAssembly (2118ms)
		BeginReloadAssembly (284ms)
			ExecutionOrderSort (0ms)
			DisableScriptedObjects (8ms)
			BackupInstance (0ms)
			ReleaseScriptingObjects (0ms)
			CreateAndSetChildDomain (64ms)
		EndReloadAssembly (1608ms)
			LoadAssemblies (217ms)
			RebuildTransferFunctionScriptingTraits (0ms)
			SetupTypeCache (498ms)
			ReleaseScriptCaches (2ms)
			RebuildScriptCaches (92ms)
			SetupLoadedEditorAssemblies (790ms)
				LogAssemblyErrors (0ms)
				InitializePlatformSupportModulesInManaged (10ms)
				SetLoadedEditorAssemblies (1ms)
				RefreshPlugins (1ms)
				BeforeProcessingInitializeOnLoad (96ms)
				ProcessInitializeOnLoadAttributes (432ms)
				ProcessInitializeOnLoadMethodAttributes (240ms)
				AfterProcessingInitializeOnLoad (11ms)
				EditorAssembliesLoaded (0ms)
			ExecutionOrderSort2 (0ms)
			AwakeInstancesAfterBackupRestoration (10ms)
Platform modules already initialized, skipping
Refreshing native plugins compatible for Editor in 19.61 ms, found 2 plugins.
Preloading 0 native plugins for Editor in 0.00 ms.
Unloading 2476 Unused Serialized files (Serialized files now loaded: 0)
Unloading 56 unused Assets / (311.0 KB). Loaded Objects now: 3192.
Memory consumption went from 98.5 MB to 98.2 MB.
Total: 17.227500 ms (FindLiveObjects: 0.446100 ms CreateObjectMapping: 0.154000 ms MarkObjects: 16.475000 ms  DeleteObjects: 0.149500 ms)

AssetImportParameters requested are different than current active one (requested -> active):
  custom:video-decoder-ogg-theora: a1e56fd34408186e4bbccfd4996cb3dc -> 
  custom:container-muxer-webm: aa71ff27fc2769a1b78a27578f13a17b -> 
  custom:container-demuxer-webm: 4f35f7cbe854078d1ac9338744f61a02 -> 
  custom:video-encoder-webm-vp8: eb34c28f22e8b96e1ab97ce403110664 -> 
  custom:video-codec-MediaFoundation-h265: 746d11721c4dcdbdad8f713fa42b33f4 -> 
  custom:audio-encoder-webm-vorbis: bf7c407c2cedff20999df2af8eb42d56 -> 
  custom:framework-win-MediaFoundation: 216162199b28c13a410421893ffa2e32 -> 
  custom:container-demuxer-ogg: 62fdf1f143b41e24485cea50d1cbac27 -> 
  custom:video-decoder-webm-vp8: 9c59270c3fd7afecdb556c50c9e8de78 -> 
  custom:audio-decoder-ogg-vorbis: bf7c407c2cedff20999df2af8eb42d56 -> 
========================================================================
Received Prepare
Registering precompiled user dll's ...
Registered in 0.006140 seconds.
Begin MonoManager ReloadAssembly
Native extension for WindowsStandalone target not found
Native extension for WebGL target not found
Refreshing native plugins compatible for Editor in 1.63 ms, found 2 plugins.
Preloading 0 native plugins for Editor in 0.00 ms.
Mono: successfully reloaded assembly
- Completed reload, in  1.658 seconds
Domain Reload Profiling:
	ReloadAssembly (1659ms)
		BeginReloadAssembly (203ms)
			ExecutionOrderSort (0ms)
			DisableScriptedObjects (12ms)
			BackupInstance (0ms)
			ReleaseScriptingObjects (0ms)
			CreateAndSetChildDomain (48ms)
		EndReloadAssembly (1315ms)
			LoadAssemblies (122ms)
			RebuildTransferFunctionScriptingTraits (0ms)
			SetupTypeCache (322ms)
			ReleaseScriptCaches (2ms)
			RebuildScriptCaches (63ms)
			SetupLoadedEditorAssemblies (744ms)
				LogAssemblyErrors (0ms)
				InitializePlatformSupportModulesInManaged (12ms)
				SetLoadedEditorAssemblies (1ms)
				RefreshPlugins (2ms)
				BeforeProcessingInitializeOnLoad (106ms)
				ProcessInitializeOnLoadAttributes (379ms)
				ProcessInitializeOnLoadMethodAttributes (230ms)
				AfterProcessingInitializeOnLoad (13ms)
				EditorAssembliesLoaded (0ms)
			ExecutionOrderSort2 (0ms)
			AwakeInstancesAfterBackupRestoration (10ms)
Platform modules already initialized, skipping
Refreshing native plugins compatible for Editor in 6.67 ms, found 2 plugins.
Preloading 0 native plugins for Editor in 0.00 ms.
Unloading 2476 Unused Serialized files (Serialized files now loaded: 0)
Unloading 56 unused Assets / (311.0 KB). Loaded Objects now: 3195.
Memory consumption went from 98.5 MB to 98.2 MB.
Total: 11.816400 ms (FindLiveObjects: 0.329200 ms CreateObjectMapping: 0.314800 ms MarkObjects: 11.068800 ms  DeleteObjects: 0.101800 ms)

AssetImportParameters requested are different than current active one (requested -> active):
  custom:video-decoder-ogg-theora: a1e56fd34408186e4bbccfd4996cb3dc -> 
  custom:container-muxer-webm: aa71ff27fc2769a1b78a27578f13a17b -> 
  custom:container-demuxer-webm: 4f35f7cbe854078d1ac9338744f61a02 -> 
  custom:video-encoder-webm-vp8: eb34c28f22e8b96e1ab97ce403110664 -> 
  custom:video-codec-MediaFoundation-h265: 746d11721c4dcdbdad8f713fa42b33f4 -> 
  custom:audio-encoder-webm-vorbis: bf7c407c2cedff20999df2af8eb42d56 -> 
  custom:framework-win-MediaFoundation: 216162199b28c13a410421893ffa2e32 -> 
  custom:container-demuxer-ogg: 62fdf1f143b41e24485cea50d1cbac27 -> 
  custom:video-decoder-webm-vp8: 9c59270c3fd7afecdb556c50c9e8de78 -> 
  custom:audio-decoder-ogg-vorbis: bf7c407c2cedff20999df2af8eb42d56 -> 
========================================================================
Received Prepare
Registering precompiled user dll's ...
Registered in 0.014562 seconds.
Begin MonoManager ReloadAssembly
Native extension for WindowsStandalone target not found
Native extension for WebGL target not found
Refreshing native plugins compatible for Editor in 1.16 ms, found 2 plugins.
Preloading 0 native plugins for Editor in 0.00 ms.
Mono: successfully reloaded assembly
- Completed reload, in  2.228 seconds
Domain Reload Profiling:
	ReloadAssembly (2229ms)
		BeginReloadAssembly (296ms)
			ExecutionOrderSort (0ms)
			DisableScriptedObjects (13ms)
			BackupInstance (0ms)
			ReleaseScriptingObjects (0ms)
			CreateAndSetChildDomain (71ms)
		EndReloadAssembly (1719ms)
			LoadAssemblies (191ms)
			RebuildTransferFunctionScriptingTraits (0ms)
			SetupTypeCache (523ms)
			ReleaseScriptCaches (2ms)
			RebuildScriptCaches (65ms)
			SetupLoadedEditorAssemblies (899ms)
				LogAssemblyErrors (0ms)
				InitializePlatformSupportModulesInManaged (20ms)
				SetLoadedEditorAssemblies (13ms)
				RefreshPlugins (1ms)
				BeforeProcessingInitializeOnLoad (137ms)
				ProcessInitializeOnLoadAttributes (432ms)
				ProcessInitializeOnLoadMethodAttributes (277ms)
				AfterProcessingInitializeOnLoad (19ms)
				EditorAssembliesLoaded (1ms)
			ExecutionOrderSort2 (0ms)
			AwakeInstancesAfterBackupRestoration (13ms)
Platform modules already initialized, skipping
Refreshing native plugins compatible for Editor in 5.97 ms, found 2 plugins.
Preloading 0 native plugins for Editor in 0.00 ms.
Unloading 2476 Unused Serialized files (Serialized files now loaded: 0)
Unloading 56 unused Assets / (310.8 KB). Loaded Objects now: 3198.
Memory consumption went from 98.5 MB to 98.2 MB.
Total: 7.795200 ms (FindLiveObjects: 0.281000 ms CreateObjectMapping: 0.096000 ms MarkObjects: 7.339000 ms  DeleteObjects: 0.078000 ms)

AssetImportParameters requested are different than current active one (requested -> active):
  custom:video-decoder-ogg-theora: a1e56fd34408186e4bbccfd4996cb3dc -> 
  custom:container-muxer-webm: aa71ff27fc2769a1b78a27578f13a17b -> 
  custom:container-demuxer-webm: 4f35f7cbe854078d1ac9338744f61a02 -> 
  custom:video-encoder-webm-vp8: eb34c28f22e8b96e1ab97ce403110664 -> 
  custom:video-codec-MediaFoundation-h265: 746d11721c4dcdbdad8f713fa42b33f4 -> 
  custom:audio-encoder-webm-vorbis: bf7c407c2cedff20999df2af8eb42d56 -> 
  custom:framework-win-MediaFoundation: 216162199b28c13a410421893ffa2e32 -> 
  custom:container-demuxer-ogg: 62fdf1f143b41e24485cea50d1cbac27 -> 
  custom:video-decoder-webm-vp8: 9c59270c3fd7afecdb556c50c9e8de78 -> 
  custom:audio-decoder-ogg-vorbis: bf7c407c2cedff20999df2af8eb42d56 -> 
========================================================================
Received Prepare
Registering precompiled user dll's ...
Registered in 0.005998 seconds.
Begin MonoManager ReloadAssembly
Native extension for WindowsStandalone target not found
Native extension for WebGL target not found
Refreshing native plugins compatible for Editor in 1.10 ms, found 2 plugins.
Preloading 0 native plugins for Editor in 0.00 ms.
Mono: successfully reloaded assembly
- Completed reload, in  1.813 seconds
Domain Reload Profiling:
	ReloadAssembly (1815ms)
		BeginReloadAssembly (245ms)
			ExecutionOrderSort (0ms)
			DisableScriptedObjects (11ms)
			BackupInstance (0ms)
			ReleaseScriptingObjects (0ms)
			CreateAndSetChildDomain (52ms)
		EndReloadAssembly (1399ms)
			LoadAssemblies (153ms)
			RebuildTransferFunctionScriptingTraits (0ms)
			SetupTypeCache (304ms)
			ReleaseScriptCaches (2ms)
			RebuildScriptCaches (63ms)
			SetupLoadedEditorAssemblies (807ms)
				LogAssemblyErrors (0ms)
				InitializePlatformSupportModulesInManaged (17ms)
				SetLoadedEditorAssemblies (1ms)
				RefreshPlugins (1ms)
				BeforeProcessingInitializeOnLoad (110ms)
				ProcessInitializeOnLoadAttributes (392ms)
				ProcessInitializeOnLoadMethodAttributes (267ms)
				AfterProcessingInitializeOnLoad (19ms)
				EditorAssembliesLoaded (0ms)
			ExecutionOrderSort2 (0ms)
			AwakeInstancesAfterBackupRestoration (11ms)
Platform modules already initialized, skipping
Refreshing native plugins compatible for Editor in 7.59 ms, found 2 plugins.
Preloading 0 native plugins for Editor in 0.00 ms.
Unloading 2476 Unused Serialized files (Serialized files now loaded: 0)
Unloading 56 unused Assets / (310.8 KB). Loaded Objects now: 3201.
Memory consumption went from 98.5 MB to 98.2 MB.
Total: 12.624200 ms (FindLiveObjects: 0.421800 ms CreateObjectMapping: 0.125800 ms MarkObjects: 11.957500 ms  DeleteObjects: 0.116800 ms)

AssetImportParameters requested are different than current active one (requested -> active):
  custom:video-decoder-ogg-theora: a1e56fd34408186e4bbccfd4996cb3dc -> 
  custom:container-muxer-webm: aa71ff27fc2769a1b78a27578f13a17b -> 
  custom:container-demuxer-webm: 4f35f7cbe854078d1ac9338744f61a02 -> 
  custom:video-encoder-webm-vp8: eb34c28f22e8b96e1ab97ce403110664 -> 
  custom:video-codec-MediaFoundation-h265: 746d11721c4dcdbdad8f713fa42b33f4 -> 
  custom:audio-encoder-webm-vorbis: bf7c407c2cedff20999df2af8eb42d56 -> 
  custom:framework-win-MediaFoundation: 216162199b28c13a410421893ffa2e32 -> 
  custom:container-demuxer-ogg: 62fdf1f143b41e24485cea50d1cbac27 -> 
  custom:video-decoder-webm-vp8: 9c59270c3fd7afecdb556c50c9e8de78 -> 
  custom:audio-decoder-ogg-vorbis: bf7c407c2cedff20999df2af8eb42d56 -> 
========================================================================
Received Prepare
Registering precompiled user dll's ...
Registered in 0.006624 seconds.
Begin MonoManager ReloadAssembly
Native extension for WindowsStandalone target not found
Native extension for WebGL target not found
Refreshing native plugins compatible for Editor in 1.41 ms, found 2 plugins.
Preloading 0 native plugins for Editor in 0.00 ms.
Mono: successfully reloaded assembly
- Completed reload, in  1.941 seconds
Domain Reload Profiling:
	ReloadAssembly (1943ms)
		BeginReloadAssembly (248ms)
			ExecutionOrderSort (0ms)
			DisableScriptedObjects (13ms)
			BackupInstance (0ms)
			ReleaseScriptingObjects (0ms)
			CreateAndSetChildDomain (66ms)
		EndReloadAssembly (1479ms)
			LoadAssemblies (149ms)
			RebuildTransferFunctionScriptingTraits (0ms)
			SetupTypeCache (322ms)
			ReleaseScriptCaches (2ms)
			RebuildScriptCaches (76ms)
			SetupLoadedEditorAssemblies (861ms)
				LogAssemblyErrors (0ms)
				InitializePlatformSupportModulesInManaged (11ms)
				SetLoadedEditorAssemblies (1ms)
				RefreshPlugins (2ms)
				BeforeProcessingInitializeOnLoad (128ms)
				ProcessInitializeOnLoadAttributes (432ms)
				ProcessInitializeOnLoadMethodAttributes (273ms)
				AfterProcessingInitializeOnLoad (13ms)
				EditorAssembliesLoaded (0ms)
			ExecutionOrderSort2 (0ms)
			AwakeInstancesAfterBackupRestoration (11ms)
Platform modules already initialized, skipping
Refreshing native plugins compatible for Editor in 9.17 ms, found 2 plugins.
Preloading 0 native plugins for Editor in 0.00 ms.
Unloading 2476 Unused Serialized files (Serialized files now loaded: 0)
Unloading 56 unused Assets / (310.9 KB). Loaded Objects now: 3204.
Memory consumption went from 98.5 MB to 98.2 MB.
Total: 13.654500 ms (FindLiveObjects: 0.466800 ms CreateObjectMapping: 0.282500 ms MarkObjects: 12.709600 ms  DeleteObjects: 0.193200 ms)

AssetImportParameters requested are different than current active one (requested -> active):
  custom:video-decoder-ogg-theora: a1e56fd34408186e4bbccfd4996cb3dc -> 
  custom:container-muxer-webm: aa71ff27fc2769a1b78a27578f13a17b -> 
  custom:container-demuxer-webm: 4f35f7cbe854078d1ac9338744f61a02 -> 
  custom:video-encoder-webm-vp8: eb34c28f22e8b96e1ab97ce403110664 -> 
  custom:video-codec-MediaFoundation-h265: 746d11721c4dcdbdad8f713fa42b33f4 -> 
  custom:audio-encoder-webm-vorbis: bf7c407c2cedff20999df2af8eb42d56 -> 
  custom:framework-win-MediaFoundation: 216162199b28c13a410421893ffa2e32 -> 
  custom:container-demuxer-ogg: 62fdf1f143b41e24485cea50d1cbac27 -> 
  custom:video-decoder-webm-vp8: 9c59270c3fd7afecdb556c50c9e8de78 -> 
  custom:audio-decoder-ogg-vorbis: bf7c407c2cedff20999df2af8eb42d56 -> 
========================================================================
Received Prepare
Registering precompiled user dll's ...
Registered in 0.006273 seconds.
Begin MonoManager ReloadAssembly
Native extension for WindowsStandalone target not found
Native extension for WebGL target not found
Refreshing native plugins compatible for Editor in 1.34 ms, found 2 plugins.
Preloading 0 native plugins for Editor in 0.00 ms.
Mono: successfully reloaded assembly
- Completed reload, in  1.948 seconds
Domain Reload Profiling:
	ReloadAssembly (1950ms)
		BeginReloadAssembly (258ms)
			ExecutionOrderSort (0ms)
			DisableScriptedObjects (11ms)
			BackupInstance (0ms)
			ReleaseScriptingObjects (0ms)
			CreateAndSetChildDomain (64ms)
		EndReloadAssembly (1528ms)
			LoadAssemblies (163ms)
			RebuildTransferFunctionScriptingTraits (0ms)
			SetupTypeCache (333ms)
			ReleaseScriptCaches (2ms)
			RebuildScriptCaches (83ms)
			SetupLoadedEditorAssemblies (879ms)
				LogAssemblyErrors (0ms)
				InitializePlatformSupportModulesInManaged (14ms)
				SetLoadedEditorAssemblies (1ms)
				RefreshPlugins (1ms)
				BeforeProcessingInitializeOnLoad (106ms)
				ProcessInitializeOnLoadAttributes (481ms)
				ProcessInitializeOnLoadMethodAttributes (258ms)
				AfterProcessingInitializeOnLoad (17ms)
				EditorAssembliesLoaded (1ms)
			ExecutionOrderSort2 (0ms)
			AwakeInstancesAfterBackupRestoration (13ms)
Platform modules already initialized, skipping
Refreshing native plugins compatible for Editor in 7.95 ms, found 2 plugins.
Preloading 0 native plugins for Editor in 0.00 ms.
Unloading 2476 Unused Serialized files (Serialized files now loaded: 0)
Unloading 56 unused Assets / (311.1 KB). Loaded Objects now: 3207.
Memory consumption went from 98.5 MB to 98.2 MB.
Total: 11.963300 ms (FindLiveObjects: 0.391800 ms CreateObjectMapping: 0.143100 ms MarkObjects: 11.306300 ms  DeleteObjects: 0.120300 ms)

AssetImportParameters requested are different than current active one (requested -> active):
  custom:video-decoder-ogg-theora: a1e56fd34408186e4bbccfd4996cb3dc -> 
  custom:container-muxer-webm: aa71ff27fc2769a1b78a27578f13a17b -> 
  custom:container-demuxer-webm: 4f35f7cbe854078d1ac9338744f61a02 -> 
  custom:video-encoder-webm-vp8: eb34c28f22e8b96e1ab97ce403110664 -> 
  custom:video-codec-MediaFoundation-h265: 746d11721c4dcdbdad8f713fa42b33f4 -> 
  custom:audio-encoder-webm-vorbis: bf7c407c2cedff20999df2af8eb42d56 -> 
  custom:framework-win-MediaFoundation: 216162199b28c13a410421893ffa2e32 -> 
  custom:container-demuxer-ogg: 62fdf1f143b41e24485cea50d1cbac27 -> 
  custom:video-decoder-webm-vp8: 9c59270c3fd7afecdb556c50c9e8de78 -> 
  custom:audio-decoder-ogg-vorbis: bf7c407c2cedff20999df2af8eb42d56 -> 
========================================================================
Received Prepare
Registering precompiled user dll's ...
Registered in 0.009079 seconds.
Begin MonoManager ReloadAssembly
Native extension for WindowsStandalone target not found
Native extension for WebGL target not found
Refreshing native plugins compatible for Editor in 1.32 ms, found 2 plugins.
Preloading 0 native plugins for Editor in 0.00 ms.
Mono: successfully reloaded assembly
- Completed reload, in  1.888 seconds
Domain Reload Profiling:
	ReloadAssembly (1890ms)
		BeginReloadAssembly (220ms)
			ExecutionOrderSort (0ms)
			DisableScriptedObjects (10ms)
			BackupInstance (0ms)
			ReleaseScriptingObjects (0ms)
			CreateAndSetChildDomain (50ms)
		EndReloadAssembly (1485ms)
			LoadAssemblies (145ms)
			RebuildTransferFunctionScriptingTraits (0ms)
			SetupTypeCache (323ms)
			ReleaseScriptCaches (2ms)
			RebuildScriptCaches (69ms)
			SetupLoadedEditorAssemblies (854ms)
				LogAssemblyErrors (0ms)
				InitializePlatformSupportModulesInManaged (14ms)
				SetLoadedEditorAssemblies (1ms)
				RefreshPlugins (1ms)
				BeforeProcessingInitializeOnLoad (119ms)
				ProcessInitializeOnLoadAttributes (424ms)
				ProcessInitializeOnLoadMethodAttributes (279ms)
				AfterProcessingInitializeOnLoad (15ms)
				EditorAssembliesLoaded (0ms)
			ExecutionOrderSort2 (0ms)
			AwakeInstancesAfterBackupRestoration (12ms)
Platform modules already initialized, skipping
Refreshing native plugins compatible for Editor in 9.14 ms, found 2 plugins.
Preloading 0 native plugins for Editor in 0.00 ms.
Unloading 2476 Unused Serialized files (Serialized files now loaded: 0)
Unloading 56 unused Assets / (310.9 KB). Loaded Objects now: 3210.
Memory consumption went from 98.5 MB to 98.2 MB.
Total: 14.415200 ms (FindLiveObjects: 0.399900 ms CreateObjectMapping: 0.144400 ms MarkObjects: 13.725000 ms  DeleteObjects: 0.143800 ms)

AssetImportParameters requested are different than current active one (requested -> active):
  custom:video-decoder-ogg-theora: a1e56fd34408186e4bbccfd4996cb3dc -> 
  custom:container-muxer-webm: aa71ff27fc2769a1b78a27578f13a17b -> 
  custom:container-demuxer-webm: 4f35f7cbe854078d1ac9338744f61a02 -> 
  custom:video-encoder-webm-vp8: eb34c28f22e8b96e1ab97ce403110664 -> 
  custom:video-codec-MediaFoundation-h265: 746d11721c4dcdbdad8f713fa42b33f4 -> 
  custom:audio-encoder-webm-vorbis: bf7c407c2cedff20999df2af8eb42d56 -> 
  custom:framework-win-MediaFoundation: 216162199b28c13a410421893ffa2e32 -> 
  custom:container-demuxer-ogg: 62fdf1f143b41e24485cea50d1cbac27 -> 
  custom:video-decoder-webm-vp8: 9c59270c3fd7afecdb556c50c9e8de78 -> 
  custom:audio-decoder-ogg-vorbis: bf7c407c2cedff20999df2af8eb42d56 -> 
========================================================================
Received Prepare
Registering precompiled user dll's ...
Registered in 0.005752 seconds.
Begin MonoManager ReloadAssembly
Native extension for WindowsStandalone target not found
Native extension for WebGL target not found
Refreshing native plugins compatible for Editor in 1.38 ms, found 2 plugins.
Preloading 0 native plugins for Editor in 0.00 ms.
Mono: successfully reloaded assembly
- Completed reload, in  2.163 seconds
Domain Reload Profiling:
	ReloadAssembly (2165ms)
		BeginReloadAssembly (258ms)
			ExecutionOrderSort (0ms)
			DisableScriptedObjects (22ms)
			BackupInstance (0ms)
			ReleaseScriptingObjects (0ms)
			CreateAndSetChildDomain (52ms)
		EndReloadAssembly (1733ms)
			LoadAssemblies (166ms)
			RebuildTransferFunctionScriptingTraits (0ms)
			SetupTypeCache (377ms)
			ReleaseScriptCaches (2ms)
			RebuildScriptCaches (109ms)
			SetupLoadedEditorAssemblies (980ms)
				LogAssemblyErrors (0ms)
				InitializePlatformSupportModulesInManaged (14ms)
				SetLoadedEditorAssemblies (1ms)
				RefreshPlugins (2ms)
				BeforeProcessingInitializeOnLoad (143ms)
				ProcessInitializeOnLoadAttributes (491ms)
				ProcessInitializeOnLoadMethodAttributes (314ms)
				AfterProcessingInitializeOnLoad (14ms)
				EditorAssembliesLoaded (1ms)
			ExecutionOrderSort2 (0ms)
			AwakeInstancesAfterBackupRestoration (16ms)
Platform modules already initialized, skipping
Refreshing native plugins compatible for Editor in 10.91 ms, found 2 plugins.
Preloading 0 native plugins for Editor in 0.00 ms.
Unloading 2476 Unused Serialized files (Serialized files now loaded: 0)
Unloading 56 unused Assets / (310.8 KB). Loaded Objects now: 3213.
Memory consumption went from 98.6 MB to 98.2 MB.
Total: 13.413500 ms (FindLiveObjects: 0.409900 ms CreateObjectMapping: 0.179200 ms MarkObjects: 12.709700 ms  DeleteObjects: 0.112400 ms)

AssetImportParameters requested are different than current active one (requested -> active):
  custom:video-decoder-ogg-theora: a1e56fd34408186e4bbccfd4996cb3dc -> 
  custom:container-muxer-webm: aa71ff27fc2769a1b78a27578f13a17b -> 
  custom:container-demuxer-webm: 4f35f7cbe854078d1ac9338744f61a02 -> 
  custom:video-encoder-webm-vp8: eb34c28f22e8b96e1ab97ce403110664 -> 
  custom:video-codec-MediaFoundation-h265: 746d11721c4dcdbdad8f713fa42b33f4 -> 
  custom:audio-encoder-webm-vorbis: bf7c407c2cedff20999df2af8eb42d56 -> 
  custom:framework-win-MediaFoundation: 216162199b28c13a410421893ffa2e32 -> 
  custom:container-demuxer-ogg: 62fdf1f143b41e24485cea50d1cbac27 -> 
  custom:video-decoder-webm-vp8: 9c59270c3fd7afecdb556c50c9e8de78 -> 
  custom:audio-decoder-ogg-vorbis: bf7c407c2cedff20999df2af8eb42d56 -> 
